<Sorcery>
 <!--__________________________________________________________________________________
		TERMS OF USE: YOU AGREE TO THESE TERMS BY USING SORCERY MOD.
		__________________________________________________________________________________
		2020 "DEVRIX"
		All Rights Reserved.
		__________________________________________________________________________________
		HOME: http://sorcerymod.com
		AUTHOR: http://author.sorcerymod.com
		FORUM: http://forum.sorcerymod.com
		DISCORD: http://discord.sorcerymod.com
		YOUTUBE: http://youtube.sorcerymod.com
		DOWNLOAD: http://download.sorcerymod.com
		TFP POLICY: http://tfpmodforumpolicy.sorcerymod.com
		__________________________________________________________________________________
		NOTICE: All digital assets and ideas contained herein, and made possible by the "Sorcery Mod", is 
		the sole digital proprietary property of mod Author Devrix. Ownership and equal rights are hereby, 
		irrefutably and solely, extended and granted to The Fun Pimps legal entity in good faith.
		
		USAGE: The Sorcery Mod may be downloaded and used by players of the 7 Days to Die community, 
		with no required royalties. Other than the XML Code itself, digital assets and works of the Sorcery Mod 
		may not be used outside of the Sorcery Mod. By downloading and using the Sorcery Mod, users of the 
		mod understand and accept full and sole responsibility and liability of using the mod. Author, nor The 
		Fun Pimps, shall be held responsible or liable for any possible conflict(s) as a direct or indirect result 
		of using this mod.
		
		REDISTRIBUTION: The XML code of the Sorcery Mod may solely be redistributed within the 7 Days 
		to Die community. Conditions of redistribution require this notice to remain in full, unmodified, and a 
		direct link, with credit stated, to the original Mod and Author. You may not redistribute the digital 
		Assets or works, aside from XML Code, of the Sorcery Mod. The Sorcery Mod itself should not be 
		redistributed outside of its original distribution channels.
		
		CREDIT: This mod is made possible through the framework provided by The Fun Pimps. It is their 
		hard work and ongoing dedication to building and improving an awesome game that fuels the passion 
		and drives the creation of this mod. Supporters of the Sorcery Mod make ongoing development 
		possible. Without their support, it is not possible to put in the enormous amount of time required to 
		create the plethora of unique assets that make Sorcery.
		
		MODIFICATION: The Terms of Use and Disclaimer herein are subject to changes and modifications.
		__________________________________________________________________________________
		
		DISCLAIMER
		__________________________________________________________________________________
		The Sorcery Mod is, and will always be, 100% FREE. When you choose to Support Development, you 
		are supporting the unique individual work I (Devrix) personally do outside of the game, as a content 
		creator: The creation of unique Assets, VFX, SFX, Art, Time creating content and the services and 
		interaction I provide on Discord, Patreon, YouTube, Forums and other related places.
		__________________________________________________________________________________-->
	
	<!-- PLAYER -->
	<append xpath="/entity_classes/entity_class[@name='playerMale']/effect_group">
		<passive_effect name="HarvestCount" operation="base_set" value="0" tags="essenceHarvestHidden1,essenceHarvestHidden2,essenceHarvestHidden3,essenceHarvestHidden4,essenceHarvestHidden5"/>
	</append>
	<append xpath="/entity_classes/entity_class[@name='playerMale']/property[@name='ItemsOnEnterGame.GameModeSurvival']/@value">,q_sorceryIntro</append>
	<append xpath="/entity_classes/entity_class[@name='playerMale']/property[@name='ItemsOnEnterGame.GameModeSurvivalSP']/@value">,q_sorceryIntro</append>
	<append xpath="/entity_classes/entity_class[@name='playerMale']/property[@name='ItemsOnEnterGame.GameModeSurvivalMP']/@value">,q_sorceryIntro</append>
	<!-- VEHICLES -->
	<append xpath="/entity_classes/entity_class[contains(@name, 'vehicle')]">
		<property name="Buffs" value="buffEntity_SorceryManage"/>
	</append>
	<!-- ZOMBIES, ANIMALS, TRADERS -->
	<append xpath="/entity_classes/entity_class[@name='zombieTemplateMale' or @name='animalTemplateTimid' or @name='animalTemplateHostile' or @name='npcTraderTemplate']">
		<effect_group name="Sorcery">
			<triggered_effect trigger="onSelfFirstSpawn" action="AddBuff" buff="buffEntity_SorceryManage"/>
		</effect_group>
	</append>
	<!-- NPCS, FOLLOWERS -->
	<append xpath="/entity_classes/entity_class[@name='junkTurretSledge' or @name='junkTurretGun' or @name='entityJunkDrone']">
		<property name="Buffs" value="buffEntity_SorceryManage"/>
	</append>

<!-- ENTITIES ______________________________________-->
	<append xpath="/entity_classes">
		<!-- INVISIBLE -->
		<entity_class name="invisibleSorceryEntity">
			<property name="HideInSpawnMenu" value="true"/>
			<property name="Mesh" value="Gore/gore_block1_bonesPrefab"/>
			<property name="ModelType" value="Custom"/>
			<property name="Prefab" value="Backpack"/>
			<property name="Class" value="EntityLootContainer"/>
			<property name="Parent" value="Enemies"/>
			<property name="TimeStayAfterDeath" value="1"/>
			<property name="IsEnemyEntity" value="true"/>
			<property name="LootListOnDeath" value="4"/>
			<property name="Faction" value="none"/>
			<property name="Buffs" value="buffDummyEntitySuicide"/>
			<effect_group name="Base Effects">
				<passive_effect name="HealthMax" operation="base_set" value="1"/>
			</effect_group>
		</entity_class>

		<!-- FALLEN ______________________________________-->
		<!-- Intro: Fallen Master ______________________________________-->
		<entity_class name="sorceryFallenIntroMaster">
			<property name="EntityType" value="Zombie"/>
			<property name="Tags" value="entity,zombie,walker,sorceryFallen,sorceryFallenLightning"/>
			<property name="HideInSpawnMenu" value="true"/>
			<property name="ReplaceMaterial0" value="#@modfolder:Resources/mat_fallenFire.unity3d?mat_fallenFire"/>
			<property name="ReplaceMaterial1" value="#@modfolder:Resources/mat_awakenedEyeFire.unity3d?mat_awakenedEyeFire"/>
			<property name="Mesh" value="#Entities/Zombies?Zombies/zombieStandardScreamerRagdoll.prefab"/>
			<property name="AvatarController" value="AvatarZombie01Controller"/>
			<property name="ModelType" value="Standard"/>
			<property name="HasRagdoll" value="true"/>
			<property name="Prefab" value="NPC"/>
			<property name="Class" value="EntityZombie"/>
			<property name="Parent" value="Enemies"/>
			<property name="PhysicsBody" value="zombieStandard"/>
			<property name="Mass" value="110"/>
			<property name="Weight" value="30"/>
			<property name="LookAtAngle" value="60"/>
			<property name="Faction" value="undead"/>
			<property name="IsEnemyEntity" value="true"/>
			<property name="CompassIcon" value="ui_game_symbol_enemy_dot" />
			<property name="CompassUpIcon" value="ui_game_symbol_enemy_dot_up" />
			<property name="CompassDownIcon" value="ui_game_symbol_enemy_dot_down" />
			<property name="TrackerIcon" value="ui_game_symbol_run"/>
			<!-- AI -->
			<property name="AINoiseSeekDist" value="8"/>
			<property name="AIPathCostScale" value=".15, .4"/>
			<property name="AITask-1" value="BreakBlock"/>
			<property name="AITask-2" value="DestroyArea"/>
			<property name="AITask-3" value="Territorial"/>
			<property name="AITask-4" value="ApproachDistraction"/>
			<property name="AITask-5" value="ApproachAndAttackTarget" data="class=EntityPlayer,0"/> <!-- class,maxChaseTime (return home) -->
			<property name="AITask-6" value="ApproachSpot"/>
			<property name="AITask-7" value="Look"/>
			<property name="AITask-8" value="Wander"/>
			<property name="AITarget-1" value="SetAsTargetIfHurt" data="class=EntityPlayer"/>
			<property name="AITarget-2" value="BlockingTargetTask"/>
			<property name="AITarget-3" value="SetNearestCorpseAsTarget" data="class=EntityPlayer"/>
			<property name="AITarget-4" value="SetNearestEntityAsTarget" data="class=EntityPlayer,0,0"/> <!-- class, hear distance, see dist (checked left to right, 0 dist uses entity default) -->
			<property name="WalkType" value="3"/>
			<property name="SoundRandomTime" value="60.0"/> <!-- It will play the roam every 60/30 seconds -->
			<property name="SoundAlertTime" value="25.0"/> <!-- It will play the roam every 25/12.5 seconds-->
			<property name="SoundRandom" value="sorceryFallen_alert"/>
			<property name="SoundAlert" value="sorceryFallen_alert"/>
			<property name="SoundAttack" value="sorceryFallen_attack"/>
			<property name="SoundHurt" value="sorceryFallen_hurt"/>
			<property name="SoundDeath" value="sorceryFallen_death"/>
			<property name="SoundSense" value="sorceryFallen_sense"/>
			<property name="SoundSleeperSense" value="sleepersense"/>
			<property name="SoundSleeperBackToSleep" value="sleeperbacktosleep"/>
			<!-- <property name="SoundFootstepModifier" value="Enemies/Burnt_Zombie/zombieburntfootstep"/> -->
			<property name="RootMotion" value="true"/>
			<property name="HasDeathAnim" value="true"/>
			<property name="ParticleOnDeath" value="blood_death"/>
			<property name="SurfaceCategory" value="organic"/>
			<property name="DismemberMultiplierHead" value="1"/>
			<property name="DismemberMultiplierArms" value="1"/>
			<property name="DismemberMultiplierLegs" value="1"/>
			<property name="LegCrawlerThreshold" value="0"/> <!-- at like .175 nearly every zombie knocked down from a leg hit turns into a crawler -->
			<property name="LegCrippleThreshold" value="0.01"/>
			<property name="KnockdownProneDamageThreshold" value="0.5"/>
			<property name="KnockdownProneStunDuration" value="0.5,1.8"/>
			<property name="KnockdownProneRefillRate" value="0.045,0.045"/>
			<property name="KnockdownKneelDamageThreshold" value="0.4"/>
			<property name="KnockdownKneelStunDuration" value="0.5,1.8"/>
			<property name="KnockdownKneelRefillRate" value="0.045,0.045"/>
			<property name="LegsExplosionDamageMultiplier" value="1"/>
			<property name="ArmsExplosionDamageMultiplier" value="1"/>
			<property name="HeadExplosionDamageMultiplier" value="1"/>
			<property name="ChestExplosionDamageMultiplier" value="1"/>
			<property name="PainResistPerHit" value=".45"/>
			<!-- Stealth -->
			<property name="MaxViewAngle" value="360"/>
			<property name="SightRange" value="60"/> <!-- distance in m -->
			<property name="SightLightThreshold" value="-2,150"/> <!-- how well lit you have to be for the zombie to see you at min,max range -->
			<property name="SleeperWakeupSightDetectionMin" value="-40,5"/> <!-- Indiv.Random. sight capability - "I see you" light value at point blank -->
			<property name="SleeperWakeupSightDetectionMax" value="340,480"/> <!-- Indiv.Random. "I see you" light value at "SightRange" -->
			<property name="SleeperSenseSightDetectionMin" value="-10,0"/> <!-- same for groaning, not waking -->
			<property name="SleeperSenseSightDetectionMax" value="200,300"/>
			<property name="SleeperNoiseSenseThreshold" value="3,8"/> <!-- Indiv.Random. hearing capability - "I hear something" noise value -->
			<property name="SleeperNoiseWakeThreshold" value="9,12"/>
			<property name="SleeperSmellSenseThreshold" value="20,50"/> <!-- Indiv.Random. smell capability - "I smell something" player smell value -->
			<property name="SoundSleeperSenseChance" value=".5"/> <!-- the chance to play "SoundSleeperSense" when "SleeperSmellSenseThreshold" is triggered -->
			<property name="SleeperSmellWakeThreshold" value="40,100"/>
			<property name="NoiseAlertThreshold" value="30"/> <!-- DEPRECATED; an awake zombie triggers instantly if touched by the sound range/volume -->
			<property name="SmellAlertThreshold" value="40"/> <!-- for awake zombies -->
			<!-- Gameplay -->
			<property name="MaxTurnSpeed" value="360"/>
			<property name="MoveSpeed" value="2.0"/> <!-- just shambling around -->
			<property name="MoveSpeedAggro" value="2.0, 2.0"/> <!-- chasing a target min/max (like day or night)-->
			<property name="MoveSpeedPanic" value="0.55"/>
			<property name="CanClimbLadders" value="true"/>
			<property name="JumpMaxDistance" value="2.8, 3.9"/>
			<property name="HandItem" value="meleeHandZombie01"/>
			<property name="HandItemCrawler" value="meleeHandZombie02"/>
			<property name="AttackTimeoutDay" value="60"/> <!-- in s -->
			<property name="AttackTimeoutNight" value="60"/>
			<!-- <property name="Buffs" value="buffSpellImpactTrigger_Special_FireMeteor"/> -->
			<property name="Immunity" value="sickness;disease;wellness"/> <!-- bleeding; -->
			<property name="ExperienceGain" value="0"/>
			<property name="LootDropProb" value="0"/>
			<!-- <property name="LootListOnDeath" value="254"/> -->
			<property name="TimeStayAfterDeath" value="120"/>
			<property name="DeadBodyHitPoints" value="666"/>
			<effect_group name="Base Effects"> <!-- sorcery_zombieTemplateMale --> 
				<triggered_effect trigger="onSelfFirstSpawn" action="AddBuff" buff="buffEntity_SorceryManage"/>
				<passive_effect name="DistractionResistance" operation="base_set" value="0,0"/>
				<passive_effect name="HealthMax" operation="base_set" value="800"/>
				<passive_effect name="HealthMax" operation="perc_set" value="1"/>
				<passive_effect name="EntityDamage" operation="base_set" value="0"/>
				<passive_effect name="StaminaMax" operation="base_set" value="100"/>
				<passive_effect name="BuffProcChance" operation="base_set" value="-100" tags="buffFatiguedTrigger,buffArmSprainedCHTrigger,buffLegSprainedCHTrigger,buffLaceration,buffAbrasionCatch,buffInjuryStunned01CHTrigger,buffInjuryBleedingTwo"/>
			</effect_group>
		</entity_class>	
		
		<!-- Fallen: Master ______________________________________-->
		<entity_class name="sorceryFallenMaster">
			<property name="EntityType" value="Zombie"/> <!-- This one decides for scoring -->
			<property name="Tags" value="entity,zombie,walker,sorceryFallen,sorceryFallenFire"/>
			<property name="HideInSpawnMenu" value="true"/>
			<!-- Mesh and class properties -->
			<property name="ReplaceMaterial0" value="#@modfolder:Resources/mat_fallenFire.unity3d?mat_fallenFire"/>
			<property name="ReplaceMaterial1" value="#@modfolder:Resources/mat_awakenedEyeFire.unity3d?mat_awakenedEyeFire"/>
			<property name="Mesh" value="#Entities/Zombies?Zombies/zombieStandardScreamerRagdoll.prefab"/>
			<property name="AvatarController" value="AvatarZombie01Controller"/>
			<property name="ModelType" value="Standard"/>
			<property name="HasRagdoll" value="true"/>
			<property name="Prefab" value="NPC"/>
			<property name="Class" value="EntityZombie"/>
			<property name="Parent" value="Enemies"/>
			<property name="PhysicsBody" value="zombieStandard"/>
			<property name="Mass" value="110"/>
			<property name="Weight" value="30"/>
			<property name="LookAtAngle" value="60"/>
			<property name="Faction" value="undead"/>
			<property name="IsEnemyEntity" value="true"/>
			<property name="CompassIcon" value="ui_game_symbol_enemy_dot" />
			<property name="CompassUpIcon" value="ui_game_symbol_enemy_dot_up" />
			<property name="CompassDownIcon" value="ui_game_symbol_enemy_dot_down" />
			<property name="TrackerIcon" value="ui_game_symbol_run"/>
			<!-- AI -->
			<property name="AINoiseSeekDist" value="8"/>
			<property name="RightHandJointName" value="Jaw"/>
			<property name="AIPathCostScale" value=".15, .4"/>
			<property name="AITask-1" value="BreakBlock"/>
			<property name="AITask-2" value="RangedAttackTarget" data="itemType=1;cooldown=1;duration=5"/>
			<property name="AITask-3" value="ApproachAndAttackTarget" data="class=EntityPlayer,0"/> <!-- class,maxChaseTime (return home) -->
			<property name="AITask-4" value="ApproachSpot"/>
			<property name="AITask-5" value="Look"/>
			<property name="AITask-6" value="Wander"/>
			<property name="AITask-7" value=""/>
			<property name="AITarget-1" value="SetAsTargetIfHurt" data="class=EntityPlayer"/>
			<property name="AITarget-2" value="BlockingTargetTask"/>
			<property name="AITarget-3" value="SetNearestCorpseAsTarget" data="class=EntityPlayer"/>
			<property name="AITarget-4" value="SetNearestEntityAsTarget" data="class=EntityPlayer,0,0"/> <!-- class, hear distance, see dist (checked left to right, 0 dist uses entity default) -->
			<property class="FallLandBehavior">
				<property name="1None" data="anim=None;height=0,1;weight=0.4"/>
				<property name="1Land" data="anim=Land;height=0,1;weight=0.4"/>
				<property name="1LandLow" data="anim=LandLow;height=0,1;weight=0.15"/>
				<property name="1Stumble" data="anim=Stumble;height=0,1;weight=0.05"/>

				<property name="LowLand" data="anim=LandLow;height=1,3;weight=0.7"/>
				<property name="LowStumble" data="anim=Stumble;height=1,3;weight=0.3"/>

				<property name="MidStumble" data="anim=Stumble;height=3,5;weight=0.3"/>
				<property name="MidStumbleAndRage" data="anim=Stumble;height=3,5;weight=0.3;ragePer=0.5,1.5;rageTime=1.0,2.0"/>
				<property name="MidLandHard" data="anim=LandHard;height=3,5;weight=0.3"/>
				<property name="MidLandHardAndRage" data="anim=LandHard;height=3,5;weight=0.3;ragePer=0.5,1.5;rageTime=1.0,2.0"/>

				<property name="HighStumbleAndRage" data="anim=Stumble;height=5,13;weight=0.13;ragePer=0.5,1.5;rageTime=2,8"/>
				<property name="Ragdoll" data="anim=Ragdoll;height=3;weight=0.4"/>
			</property>
			<property class="DestroyBlockBehavior">
				<property name="None" data="weight=0.0"/>
				<property name="Stumble" data="weight=0.2"/>
				<property name="Ragdoll" data="weight=0.2"/>
			</property>
			<property name="WalkType" value="3"/>
			<property name="SoundRandomTime" value="60.0"/> <!-- It will play the roam every 60/30 seconds -->
			<property name="SoundAlertTime" value="25.0"/> <!-- It will play the roam every 25/12.5 seconds-->
			<property name="SoundRandom" value="sorceryFallen_alert"/>
			<property name="SoundAlert" value="sorceryFallen_alert"/>
			<property name="SoundAttack" value="sorceryFallen_attack"/>
			<property name="SoundHurt" value="sorceryFallen_hurt"/>
			<property name="SoundDeath" value="sorceryFallen_death"/>
			<property name="SoundSense" value="sorceryFallen_sense"/>
			<property name="SoundSleeperSense" value="sleepersense"/>
			<property name="SoundSleeperBackToSleep" value="sleeperbacktosleep"/>
			<!-- <property name="SoundFootstepModifier" value="Enemies/Burnt_Zombie/zombieburntfootstep"/> -->
			<property name="RootMotion" value="true"/>
			<property name="HasDeathAnim" value="true"/>
			<property name="ParticleOnDeath" value="blood_death"/>
			<property name="SurfaceCategory" value="organic"/>
			<property name="DismemberMultiplierHead" value="0"/>
			<property name="DismemberMultiplierArms" value="0"/>
			<property name="DismemberMultiplierLegs" value="0"/>
			<property name="LegCrawlerThreshold" value="0"/> <!-- at like .175 nearly every zombie knocked down from a leg hit turns into a crawler -->
			<property name="LegCrippleThreshold" value="0"/>
			<property name="KnockdownProneDamageThreshold" value="0.1"/>
			<property name="KnockdownProneStunDuration" value="0.1,0.3"/>
			<property name="KnockdownProneRefillRate" value="0.1,0.1"/>
			<property name="KnockdownKneelDamageThreshold" value="0.1"/>
			<property name="KnockdownKneelStunDuration" value="0.1,0.3"/>
			<property name="KnockdownKneelRefillRate" value="0.1,0.1"/>
			<property name="LegsExplosionDamageMultiplier" value="0"/>
			<property name="ArmsExplosionDamageMultiplier" value="0"/>
			<property name="HeadExplosionDamageMultiplier" value="0"/>
			<property name="ChestExplosionDamageMultiplier" value="0"/>
			<property name="PainResistPerHit" value=".6"/><!-- Fallen -->	
			<!-- Stealth -->
			<property name="MaxViewAngle" value="280"/>
			<property name="SightRange" value="60"/> <!-- distance in m -->
			<property name="SightLightThreshold" value="-2,150"/> <!-- how well lit you have to be for the zombie to see you at min,max range -->
			<property name="SleeperWakeupSightDetectionMin" value="-40,5"/> <!-- Indiv.Random. sight capability - "I see you" light value at point blank -->
			<property name="SleeperWakeupSightDetectionMax" value="340,480"/> <!-- Indiv.Random. "I see you" light value at "SightRange" -->
			<property name="SleeperSenseSightDetectionMin" value="-10,0"/> <!-- same for groaning, not waking -->
			<property name="SleeperSenseSightDetectionMax" value="200,300"/>
			<property name="SleeperNoiseSenseThreshold" value="3,8"/> <!-- Indiv.Random. hearing capability - "I hear something" noise value -->
			<property name="SleeperNoiseWakeThreshold" value="9,12"/>
			<property name="SleeperSmellSenseThreshold" value="20,50"/> <!-- Indiv.Random. smell capability - "I smell something" player smell value -->
			<property name="SoundSleeperSenseChance" value=".5"/> <!-- the chance to play "SoundSleeperSense" when "SleeperSmellSenseThreshold" is triggered -->
			<property name="SleeperSmellWakeThreshold" value="40,100"/>
			<property name="NoiseAlertThreshold" value="30"/> <!-- DEPRECATED; an awake zombie triggers instantly if touched by the sound range/volume -->
			<property name="SmellAlertThreshold" value="40"/> <!-- for awake zombies -->
			<!-- Gameplay -->
			<property name="MaxTurnSpeed" value="360"/>
			<property name="MoveSpeed" value="0.1"/> <!-- just shambling around -->
			<property name="MoveSpeedAggro" value="0.2, 0.9"/> <!-- chasing a target min/max (like day or night)-->
			<property name="MoveSpeedRand" value="-.2, .25"/> <!-- Rand added to min aggro speed -->
			<property name="MoveSpeedPanic" value="0.55"/>
			<property name="CanClimbLadders" value="true"/>
			<property name="JumpMaxDistance" value="2.8, 3.9"/>
			<property name="HandItem" value="meleeHandSorceryFallenFire"/>
			<property name="HandItemCrawler" value="meleeHandZombie02"/>
			<property name="AttackTimeoutDay" value="1.5"/> <!-- in s -->
			<property name="AttackTimeoutNight" value="1.1"/>
			<property name="Immunity" value="sickness;disease;wellness"/>
			<property name="ExperienceGain" value="1250"/>
			<property name="LootDropProb" value="0"/>
			<!-- <property name="LootListOnDeath" value="254"/> -->
			<property name="TimeStayAfterDeath" value="4"/>
			<property name="DeadBodyHitPoints" value="1000"/>
			<property name="MapIcon" value="ui_game_symbol_bullet_point"/>
			<property name="TrackerIcon" value="ui_game_symbol_bullet_point"/>
			<effect_group name="Base Effects"> <!-- zombieTemplateMale -->
				<passive_effect name="DistractionResistance" operation="base_set" value="0,0"/>
				<passive_effect name="StaminaMax" operation="base_set" value="100"/>
				<passive_effect name="BuffResistance" operation="base_set" value="5" tags="buffFatiguedTrigger,buffArmSprainedCHTrigger,buffLegSprainedCHTrigger,buffLaceration,buffInfectionCatch,buffAbrasionCatch,buffInjuryStunned01CHTrigger,buffInjuryBleedingTwo"/>

				<triggered_effect trigger="onSelfAttackedOther" action="ModifyCVar" target="other" cvar="noTeethNoInfection" operation="set" value="0">
					<requirement name="NotHasBuff" buff="buffBrawlerNoTeeth"/></triggered_effect>
				<triggered_effect trigger="onSelfAttackedOther" action="ModifyCVar" target="other" cvar="noTeethNoInfection" operation="set" value="1">
					<requirement name="HasBuff" buff="buffBrawlerNoTeeth"/></triggered_effect>
			</effect_group>
		</entity_class>
		
		<!-- INTRO FALLEN: FIRE ______________________________________-->
		<entity_class name="sorceryFallenIntroFire" extends="sorceryFallenIntroMaster">
			<property name="Tags" value="entity,zombie,walker,sorceryFallen,sorceryFallenFire,sorceryFallenIntro"/>
			<property name="HideInSpawnMenu" value="true"/>
			<property name="ReplaceMaterial0" value="#@modfolder:Resources/mat_fallenFire.unity3d?mat_fallenFire"/>
			<property name="ReplaceMaterial1" value="#@modfolder:Resources/mat_awakenedEyeFire.unity3d?mat_awakenedEyeFire"/>
			<property name="SoundSpawn" value="sorceryFallenFire_spawn"/>
			<property name="LootListOnDeath" value="699"/>
			<property name="Buffs" value="buffSpellImpactTrigger_Special_FireMeteor"/>
			<effect_group name="Base Effects">
				<triggered_effect trigger="onSelfFirstSpawn" action="AddBuff" buff="buffEntity_SorceryManage"/>
				<triggered_effect trigger="onSelfFirstSpawn" action="AttachPrefabToEntity" target="self" parent_transform="RightHand" prefab="#@modfolder:Resources/awakenedHandFire.unity3d?awakenedHandFire" local_offset=".14,0.035,0"/>
				<triggered_effect trigger="onSelfFirstSpawn" action="AttachPrefabToEntity" target="self" parent_transform="LeftHand" prefab="#@modfolder:Resources/awakenedHandFire.unity3d?awakenedHandFire" local_offset="-.14,-0.05,0"/>	
				<triggered_effect trigger="onSelfAttackedOther" target="other" action="AddBuff" buff="spellFallenTriggerImpact_Fire"/>
				<passive_effect name="HealthMax" operation="base_set" value="800"/>
				<passive_effect name="HealthMax" operation="perc_set" value="1"/>
				<passive_effect name="EntityDamage" operation="base_set" value="0"/>
				<passive_effect name="StaminaMax" operation="base_set" value="100"/>
				<passive_effect name="BuffProcChance" operation="base_set" value="-100" tags="buffFatiguedTrigger,buffArmSprainedCHTrigger,buffLegSprainedCHTrigger,buffLaceration,buffAbrasionCatch,buffInjuryStunned01CHTrigger,buffInjuryBleedingTwo"/>
				<passive_effect name="BuffProcChance" operation="base_set" value="100" tags="buffSpellImpactTrigger_Special_FireMeteor"/>
			</effect_group>
			<drop event="Harvest" name="resourceEssenceFire" count="1" prob="1" tag="allHarvest"/>
			<drop event="Harvest" name="resourceEssenceFire" count="1,2" prob="1" tag="essenceFireHarvest" />
			<drop event="Harvest" name="resourceEssenceFire2" count="1,2" prob=".7" tag="essenceFire2Harvest"/>
			<drop event="Harvest" name="resourceEssenceFire3" count="1,2" prob=".4" tag="essenceFire3Harvest"/>
			<drop event="Harvest" name="resourceEssenceFire4" count="1,2" prob=".1" tag="essenceFire4Harvest"/>
			<drop event="Harvest" name="resourceEssenceFire5" count="1,2" prob=".01" tag="essenceFire5Harvest"/>
			<drop event="Destroy" name="resourceEssenceFire" count="3,6"/>
		</entity_class>
		<!-- INTRO FALLEN: ICE ______________________________________-->
		<entity_class name="sorceryFallenIntroIce" extends="sorceryFallenIntroMaster">
			<property name="Tags" value="entity,zombie,walker,sorceryFallen,sorceryFallenIce,sorceryFallenIntro"/>
			<property name="HideInSpawnMenu" value="true"/>
			<property name="ReplaceMaterial0" value="#@modfolder:Resources/mat_fallenIce.unity3d?mat_fallenIce"/>
			<property name="ReplaceMaterial1" value="#@modfolder:Resources/mat_awakenedEyeIce.unity3d?mat_awakenedEyeIce"/>
			<property name="SoundSpawn" value="sorceryFallenIce_spawn"/>
			<property name="LootListOnDeath" value="698"/>
			<property name="Buffs" value="buffSpellImpactTrigger_Special_FireMeteor"/>
			<effect_group name="Base Effects">
				<triggered_effect trigger="onSelfFirstSpawn" action="AddBuff" buff="buffEntity_SorceryManage"/>
				<triggered_effect trigger="onSelfFirstSpawn" action="AttachPrefabToEntity" target="self" parent_transform="RightHand" prefab="#@modfolder:Resources/awakenedHandIce.unity3d?awakenedHandIce" local_offset=".14,0.035,0"/>
				<triggered_effect trigger="onSelfFirstSpawn" action="AttachPrefabToEntity" target="self" parent_transform="LeftHand" prefab="#@modfolder:Resources/awakenedHandIce.unity3d?awakenedHandIce" local_offset="-.14,-0.05,0"/>	
				<triggered_effect trigger="onSelfAttackedOther" target="other" action="AddBuff" buff="spellFallenTriggerImpact_Ice"/>
				<passive_effect name="HealthMax" operation="base_set" value="800"/>
				<passive_effect name="HealthMax" operation="perc_set" value="1"/>
				<passive_effect name="EntityDamage" operation="base_set" value="0"/>
				<passive_effect name="StaminaMax" operation="base_set" value="100"/>
				<passive_effect name="BuffProcChance" operation="base_set" value="-100" tags="buffFatiguedTrigger,buffArmSprainedCHTrigger,buffLegSprainedCHTrigger,buffLaceration,buffAbrasionCatch,buffInjuryStunned01CHTrigger,buffInjuryBleedingTwo"/>
				<passive_effect name="BuffProcChance" operation="base_set" value="100" tags="buffSpellImpactTrigger_Special_FireMeteor"/>
			</effect_group>
			<drop event="Harvest" name="resourceEssenceIce" count="1" prob="1" tag="allHarvest"/>
			<drop event="Harvest" name="resourceEssenceIce" count="1,2" prob="1" tag="essenceIceHarvest" />
			<drop event="Harvest" name="resourceEssenceIce2" count="1,2" prob=".7" tag="essenceIce2Harvest"/>
			<drop event="Harvest" name="resourceEssenceIce3" count="1,2" prob=".4" tag="essenceIce3Harvest"/>
			<drop event="Harvest" name="resourceEssenceIce4" count="1,2" prob=".1" tag="essenceIce4Harvest"/>
			<drop event="Harvest" name="resourceEssenceIce5" count="1,2" prob=".01" tag="essenceIce5Harvest"/>
			<drop event="Destroy" name="resourceEssenceIce" count="3,6"/>
		</entity_class>
		<!-- INTRO FALLEN: LIGHTNING ______________________________________-->
		<entity_class name="sorceryFallenIntroLightning" extends="sorceryFallenIntroMaster">
			<property name="Tags" value="entity,zombie,walker,sorceryFallen,sorceryFallenLightning,sorceryFallenIntro"/>
			<property name="HideInSpawnMenu" value="true"/>
			<property name="ReplaceMaterial0" value="#@modfolder:Resources/mat_fallenLightning.unity3d?mat_fallenLightning"/>
			<property name="ReplaceMaterial1" value="#@modfolder:Resources/mat_awakenedEyeLightning.unity3d?mat_awakenedEyeLightning"/>
			<property name="SoundSpawn" value="sorceryFallenLightning_spawn"/>
			<property name="LootListOnDeath" value="697"/>
			<property name="Buffs" value="buffSpellImpactTrigger_Special_FireMeteor"/>
			<effect_group name="Base Effects">
				<triggered_effect trigger="onSelfFirstSpawn" action="AddBuff" buff="buffEntity_SorceryManage"/>
				<triggered_effect trigger="onSelfFirstSpawn" action="AttachPrefabToEntity" target="self" parent_transform="RightHand" prefab="#@modfolder:Resources/awakenedHandLightning.unity3d?awakenedHandLightning" local_offset=".14,0.035,0"/>
				<triggered_effect trigger="onSelfFirstSpawn" action="AttachPrefabToEntity" target="self" parent_transform="LeftHand" prefab="#@modfolder:Resources/awakenedHandLightning.unity3d?awakenedHandLightning" local_offset="-.14,-0.05,0"/>	
				<triggered_effect trigger="onSelfAttackedOther" target="other" action="AddBuff" buff="spellFallenTriggerImpact_Lightning"/>
				<passive_effect name="HealthMax" operation="base_set" value="800"/>
				<passive_effect name="HealthMax" operation="perc_set" value="1"/>
				<passive_effect name="EntityDamage" operation="base_set" value="0"/>
				<passive_effect name="StaminaMax" operation="base_set" value="100"/>
				<passive_effect name="BuffProcChance" operation="base_set" value="-100" tags="buffFatiguedTrigger,buffArmSprainedCHTrigger,buffLegSprainedCHTrigger,buffLaceration,buffAbrasionCatch,buffInjuryStunned01CHTrigger,buffInjuryBleedingTwo"/>
				<passive_effect name="BuffProcChance" operation="base_set" value="100" tags="buffSpellImpactTrigger_Special_FireMeteor"/>
			</effect_group>
			<drop event="Harvest" name="resourceEssenceLightning" count="1" prob="1" tag="allHarvest"/>
			<drop event="Harvest" name="resourceEssenceLightning" count="1,2" prob="1" tag="essenceLightningHarvest" />
			<drop event="Harvest" name="resourceEssenceLightning2" count="1,2" prob=".7" tag="essenceLightning2Harvest"/>
			<drop event="Harvest" name="resourceEssenceLightning3" count="1,2" prob=".4" tag="essenceLightning3Harvest"/>
			<drop event="Harvest" name="resourceEssenceLightning4" count="1,2" prob=".1" tag="essenceLightning4Harvest"/>
			<drop event="Harvest" name="resourceEssenceLightning5" count="1,2" prob=".01" tag="essenceLightning5Harvest"/>
			<drop event="Destroy" name="resourceEssenceLightning" count="3,6"/>
		</entity_class>
		
		<!-- FALLEN: FIRE -->
		<entity_class name="sorceryFallenFire" extends="sorceryFallenMaster">
			<property name="Tags" value="entity,zombie,walker,feral,radiated,sorceryFallen,sorceryFallenFire"/>
			<property name="ReplaceMaterial0" value="#@modfolder:Resources/mat_fallenFire.unity3d?mat_fallenFire"/>
			<property name="ReplaceMaterial1" value="#@modfolder:Resources/mat_awakenedEyeFire.unity3d?mat_awakenedEyeFire"/>
			<property name="SoundSpawn" value="sorceryFallenFire_spawn"/>
			<property name="HandItem" value="meleeHandSorceryFallenFire"/>	
			<property name="Buffs" value="buffFallenFire"/>
			<property name="Immunity" value="sickness;disease;wellness"/>
			<effect_group name="Base Effects">
				<triggered_effect trigger="onSelfFirstSpawn" action="AddBuff" buff="buffEntity_SorceryManage"/>
				<triggered_effect trigger="onSelfFirstSpawn" action="AttachPrefabToEntity" target="self" parent_transform="RightHand" prefab="#@modfolder:Resources/handFire.unity3d?handFire" local_offset=".14,0.035,0"/>
				<triggered_effect trigger="onSelfFirstSpawn" action="AttachPrefabToEntity" target="self" parent_transform="LeftHand" prefab="#@modfolder:Resources/handFire.unity3d?handFire" local_offset="-.14,-0.05,0"/>	
				<passive_effect name="BuffProcChance" operation="base_set" value="-5" tags="buffFatiguedTrigger,buffArmSprainedCHTrigger,buffLegSprainedCHTrigger,buffLaceration,buffAbrasionCatch,buffInjuryStunned01CHTrigger,buffInjuryBleedingTwo"/>
				<passive_effect name="BuffProcChance" operation="base_set" value="2" tags="buffFallenFire"/>
				<passive_effect name="HealthMax" operation="base_set" value="1000"/>
				<!-- <passive_effect name="HealthMax" operation="perc_set" value="1"/> --> <!-- Zombie HP scale -->
				<passive_effect name="EntityDamage" operation="perc_add" value="0"/> <!-- Feral damage -->
			</effect_group>
			<!-- CVAR: SCALING -->
			<effect_group name="PLAYER TIER: Level">
				<triggered_effect trigger="onSelfFirstSpawn" action="ModifyCVar" target="self" cvar="sorceryPlayerTier" operation="set" value="0.5"/>
				<triggered_effect trigger="onOtherDamagedSelf" action="ModifyCVar" cvar="sorceryPlayerTier" operation="set" value="1">
					<requirement name="PlayerLevel" target="other" operation="GTE" value="10"/>
					<requirement name="PlayerLevel" target="other" operation="LT" value="20"/>
				</triggered_effect>
				<triggered_effect trigger="onOtherDamagedSelf" action="ModifyCVar" cvar="sorceryPlayerTier" operation="set" value="2">
					<requirement name="PlayerLevel" target="other" operation="GTE" value="20"/>
					<requirement name="PlayerLevel" target="other" operation="LT" value="40"/>
				</triggered_effect>
				<triggered_effect trigger="onOtherDamagedSelf" action="ModifyCVar" cvar="sorceryPlayerTier" operation="set" value="3">
					<requirement name="PlayerLevel" target="other" operation="GTE" value="40"/>
					<requirement name="PlayerLevel" target="other" operation="LT" value="60"/>
				</triggered_effect>
				<triggered_effect trigger="onOtherDamagedSelf" action="ModifyCVar" cvar="sorceryPlayerTier" operation="set" value="4">
					<requirement name="PlayerLevel" target="other" operation="GTE" value="60"/>
					<requirement name="PlayerLevel" target="other" operation="LT" value="80"/>
				</triggered_effect>	
				<triggered_effect trigger="onOtherDamagedSelf" action="ModifyCVar" cvar="sorceryPlayerTier" operation="set" value="5">
					<requirement name="PlayerLevel" target="other" operation="GTE" value="80"/>
					<requirement name="PlayerLevel" target="other" operation="LT" value="100"/>
				</triggered_effect>
				<triggered_effect trigger="onOtherDamagedSelf" action="ModifyCVar" cvar="sorceryPlayerTier" operation="set" value="6">
					<requirement name="PlayerLevel" target="other" operation="GTE" value="100"/>
					<requirement name="PlayerLevel" target="other" operation="LT" value="150"/>
				</triggered_effect>
				<triggered_effect trigger="onOtherDamagedSelf" action="ModifyCVar" cvar="sorceryPlayerTier" operation="set" value="7">
					<requirement name="PlayerLevel" target="other" operation="GTE" value="150"/>
					<requirement name="PlayerLevel" target="other" operation="LT" value="200"/>
				</triggered_effect>
				<triggered_effect trigger="onOtherDamagedSelf" action="ModifyCVar" cvar="sorceryPlayerTier" operation="set" value="8">
					<requirement name="PlayerLevel" target="other" operation="GTE" value="200"/>
					<requirement name="PlayerLevel" target="other" operation="LT" value="250"/>
				</triggered_effect>
				<triggered_effect trigger="onOtherDamagedSelf" action="ModifyCVar" cvar="sorceryPlayerTier" operation="set" value="9">
					<requirement name="PlayerLevel" target="other" operation="GTE" value="250"/>
					<requirement name="PlayerLevel" target="other" operation="LT" value="300"/>
				</triggered_effect>	
				<triggered_effect trigger="onOtherDamagedSelf" action="ModifyCVar" cvar="sorceryPlayerTier" operation="set" value="10">
					<requirement name="PlayerLevel" target="other" operation="GTE" value="300"/>
				</triggered_effect>
			</effect_group>			
			<property name="MapIcon" value="ui_symbol_fire"/>
			<property name="TrackerIcon" value="ui_symbol_fire"/>
			<drop event="Harvest" name="resourceEssenceFire" count="1,2" tag="essenceFireHarvest"/>
			<drop event="Harvest" name="resourceEssenceFire2" count="1,2" prob=".7" tag="essenceFire2Harvest"/>
			<drop event="Harvest" name="resourceEssenceFire3" count="1,2" prob=".4" tag="essenceFire3Harvest"/>
			<drop event="Harvest" name="resourceEssenceFire4" count="1,2" prob=".1" tag="essenceFire4Harvest"/>
			<drop event="Harvest" name="resourceEssenceFire5" count="1,2" prob=".01" tag="essenceFire5Harvest"/>
			<property name="LootListAlive" value="696"/>
			<property name="LootDropProb" value="1"/>
			<property name="LootDropEntityClass" value="FallenLootContainerFire"/>
			<property name="TimeStayAfterDeath" value="-1"/>
			<property name="DeadBodyHitPoints" value="0"/>
			<property name="PassThroughDamage" value="true"/>
			<!-- <property name="SizeScale" value="1.2"/> -->
		</entity_class>
		
		<!-- FALLEN: ICE -->
		<entity_class name="sorceryFallenIce" extends="sorceryFallenMaster">
			<property name="Tags" value="entity,zombie,walker,feral,radiated,sorceryFallen,sorceryFallenIce"/>
			<property name="ReplaceMaterial0" value="#@modfolder:Resources/mat_fallenIce.unity3d?mat_fallenIce"/>
			<property name="ReplaceMaterial1" value="#@modfolder:Resources/mat_awakenedEyeIce.unity3d?mat_awakenedEyeIce"/>
			<property name="SoundSpawn" value="sorceryFallenIce_spawn"/>
			<property name="HandItem" value="meleeHandSorceryFallenIce"/>	
			<property name="Buffs" value="buffFallenIce"/>
			<property name="Immunity" value="sickness;disease;wellness"/>
			<effect_group name="Base Effects">
				<triggered_effect trigger="onSelfFirstSpawn" action="AddBuff" buff="buffEntity_SorceryManage"/>
				<triggered_effect trigger="onSelfFirstSpawn" action="AttachPrefabToEntity" target="self" parent_transform="RightHand" prefab="#@modfolder:Resources/handIce.unity3d?handIce" local_offset=".14,0.035,0"/>
				<triggered_effect trigger="onSelfFirstSpawn" action="AttachPrefabToEntity" target="self" parent_transform="LeftHand" prefab="#@modfolder:Resources/handIce.unity3d?handIce" local_offset="-.14,-0.05,0"/>	
				<passive_effect name="BuffProcChance" operation="base_set" value="-5" tags="buffFatiguedTrigger,buffArmSprainedCHTrigger,buffLegSprainedCHTrigger,buffLaceration,buffAbrasionCatch,buffInjuryStunned01CHTrigger,buffInjuryBleedingTwo"/>
				<passive_effect name="BuffProcChance" operation="base_set" value="2" tags="buffFallenIce"/>
				<passive_effect name="HealthMax" operation="base_set" value="1000"/>
				<passive_effect name="HealthMax" operation="perc_set" value="1"/> <!-- Zombie HP scale -->
				<passive_effect name="EntityDamage" operation="perc_add" value="0"/> <!-- Feral damage -->
			</effect_group>
			<!-- CVAR: SCALING -->
			<effect_group name="PLAYER TIER: Level">
				<triggered_effect trigger="onSelfFirstSpawn" action="ModifyCVar" target="self" cvar="sorceryPlayerTier" operation="set" value="0.5"/>
				<triggered_effect trigger="onOtherDamagedSelf" action="ModifyCVar" cvar="sorceryPlayerTier" operation="set" value="1">
					<requirement name="PlayerLevel" target="other" operation="GTE" value="10"/>
					<requirement name="PlayerLevel" target="other" operation="LT" value="20"/>
				</triggered_effect>
				<triggered_effect trigger="onOtherDamagedSelf" action="ModifyCVar" cvar="sorceryPlayerTier" operation="set" value="2">
					<requirement name="PlayerLevel" target="other" operation="GTE" value="20"/>
					<requirement name="PlayerLevel" target="other" operation="LT" value="40"/>
				</triggered_effect>
				<triggered_effect trigger="onOtherDamagedSelf" action="ModifyCVar" cvar="sorceryPlayerTier" operation="set" value="3">
					<requirement name="PlayerLevel" target="other" operation="GTE" value="40"/>
					<requirement name="PlayerLevel" target="other" operation="LT" value="60"/>
				</triggered_effect>
				<triggered_effect trigger="onOtherDamagedSelf" action="ModifyCVar" cvar="sorceryPlayerTier" operation="set" value="4">
					<requirement name="PlayerLevel" target="other" operation="GTE" value="60"/>
					<requirement name="PlayerLevel" target="other" operation="LT" value="80"/>
				</triggered_effect>	
				<triggered_effect trigger="onOtherDamagedSelf" action="ModifyCVar" cvar="sorceryPlayerTier" operation="set" value="5">
					<requirement name="PlayerLevel" target="other" operation="GTE" value="80"/>
					<requirement name="PlayerLevel" target="other" operation="LT" value="100"/>
				</triggered_effect>
				<triggered_effect trigger="onOtherDamagedSelf" action="ModifyCVar" cvar="sorceryPlayerTier" operation="set" value="6">
					<requirement name="PlayerLevel" target="other" operation="GTE" value="100"/>
					<requirement name="PlayerLevel" target="other" operation="LT" value="150"/>
				</triggered_effect>
				<triggered_effect trigger="onOtherDamagedSelf" action="ModifyCVar" cvar="sorceryPlayerTier" operation="set" value="7">
					<requirement name="PlayerLevel" target="other" operation="GTE" value="150"/>
					<requirement name="PlayerLevel" target="other" operation="LT" value="200"/>
				</triggered_effect>
				<triggered_effect trigger="onOtherDamagedSelf" action="ModifyCVar" cvar="sorceryPlayerTier" operation="set" value="8">
					<requirement name="PlayerLevel" target="other" operation="GTE" value="200"/>
					<requirement name="PlayerLevel" target="other" operation="LT" value="250"/>
				</triggered_effect>
				<triggered_effect trigger="onOtherDamagedSelf" action="ModifyCVar" cvar="sorceryPlayerTier" operation="set" value="9">
					<requirement name="PlayerLevel" target="other" operation="GTE" value="250"/>
					<requirement name="PlayerLevel" target="other" operation="LT" value="300"/>
				</triggered_effect>	
				<triggered_effect trigger="onOtherDamagedSelf" action="ModifyCVar" cvar="sorceryPlayerTier" operation="set" value="10">
					<requirement name="PlayerLevel" target="other" operation="GTE" value="300"/>
				</triggered_effect>
			</effect_group>			
			<property name="MapIcon" value="ui_symbol_ice"/>
			<property name="TrackerIcon" value="ui_symbol_ice"/>
			<drop event="Harvest" name="resourceEssenceIce" count="1,2" tag="essenceIceHarvest"/>
			<drop event="Harvest" name="resourceEssenceIce2" count="1,2" prob=".7" tag="essenceIce2Harvest"/>
			<drop event="Harvest" name="resourceEssenceIce3" count="1,2" prob=".4" tag="essenceIce3Harvest"/>
			<drop event="Harvest" name="resourceEssenceIce4" count="1,2" prob=".1" tag="essenceIce4Harvest"/>
			<drop event="Harvest" name="resourceEssenceIce5" count="1,2" prob=".01" tag="essenceIce5Harvest"/>
			<property name="LootListAlive" value="695"/>
			<property name="LootDropProb" value="1"/>
			<property name="LootDropEntityClass" value="FallenLootContainerIce"/>
			<property name="TimeStayAfterDeath" value="-1"/>
			<property name="DeadBodyHitPoints" value="0"/>
			<property name="PassThroughDamage" value="true"/>
			<!-- <property name="SizeScale" value="1.2"/> -->
		</entity_class>
		
		<!-- FALLEN: LIGHTNING -->
		<entity_class name="sorceryFallenLightning" extends="sorceryFallenMaster">
			<property name="Tags" value="entity,zombie,walker,feral,radiated,sorceryFallen,sorceryFallenLightning"/>
			<property name="ReplaceMaterial0" value="#@modfolder:Resources/mat_fallenLightning.unity3d?mat_fallenLightning"/>
			<property name="ReplaceMaterial1" value="#@modfolder:Resources/mat_awakenedEyeLightning.unity3d?mat_awakenedEyeLightning"/>
			<property name="SoundSpawn" value="sorceryFallenLightning_spawn"/>
			<property name="HandItem" value="meleeHandSorceryFallenLightning"/>	
			<property name="Buffs" value="buffFallenLightning"/>
			<property name="Immunity" value="sickness;disease;wellness"/>
			<effect_group name="Base Effects">
				<triggered_effect trigger="onSelfFirstSpawn" action="AddBuff" buff="buffEntity_SorceryManage"/>
				<triggered_effect trigger="onSelfFirstSpawn" action="AttachPrefabToEntity" target="self" parent_transform="RightHand" prefab="#@modfolder:Resources/handLightning.unity3d?handLightning" local_offset=".14,0.035,0"/>
				<triggered_effect trigger="onSelfFirstSpawn" action="AttachPrefabToEntity" target="self" parent_transform="LeftHand" prefab="#@modfolder:Resources/handLightning.unity3d?handLightning" local_offset="-.14,-0.05,0"/>	
				<passive_effect name="BuffProcChance" operation="base_set" value="-5" tags="buffFatiguedTrigger,buffArmSprainedCHTrigger,buffLegSprainedCHTrigger,buffLaceration,buffAbrasionCatch,buffInjuryStunned01CHTrigger,buffInjuryBleedingTwo"/>
				<passive_effect name="BuffProcChance" operation="base_set" value="2" tags="buffFallenLightning"/>
				<passive_effect name="HealthMax" operation="base_set" value="1000"/>
				<passive_effect name="HealthMax" operation="perc_set" value="1"/> <!-- Zombie HP scale -->
				<passive_effect name="EntityDamage" operation="perc_add" value="0"/> <!-- Feral damage -->
			</effect_group>
			<!-- CVAR: SCALING -->
			<effect_group name="PLAYER TIER: Level">
				<triggered_effect trigger="onSelfFirstSpawn" action="ModifyCVar" target="self" cvar="sorceryPlayerTier" operation="set" value="0.5"/>
				<triggered_effect trigger="onOtherDamagedSelf" action="ModifyCVar" cvar="sorceryPlayerTier" operation="set" value="1">
					<requirement name="PlayerLevel" target="other" operation="GTE" value="10"/>
					<requirement name="PlayerLevel" target="other" operation="LT" value="20"/>
				</triggered_effect>
				<triggered_effect trigger="onOtherDamagedSelf" action="ModifyCVar" cvar="sorceryPlayerTier" operation="set" value="2">
					<requirement name="PlayerLevel" target="other" operation="GTE" value="20"/>
					<requirement name="PlayerLevel" target="other" operation="LT" value="40"/>
				</triggered_effect>
				<triggered_effect trigger="onOtherDamagedSelf" action="ModifyCVar" cvar="sorceryPlayerTier" operation="set" value="3">
					<requirement name="PlayerLevel" target="other" operation="GTE" value="40"/>
					<requirement name="PlayerLevel" target="other" operation="LT" value="60"/>
				</triggered_effect>
				<triggered_effect trigger="onOtherDamagedSelf" action="ModifyCVar" cvar="sorceryPlayerTier" operation="set" value="4">
					<requirement name="PlayerLevel" target="other" operation="GTE" value="60"/>
					<requirement name="PlayerLevel" target="other" operation="LT" value="80"/>
				</triggered_effect>	
				<triggered_effect trigger="onOtherDamagedSelf" action="ModifyCVar" cvar="sorceryPlayerTier" operation="set" value="5">
					<requirement name="PlayerLevel" target="other" operation="GTE" value="80"/>
					<requirement name="PlayerLevel" target="other" operation="LT" value="100"/>
				</triggered_effect>
				<triggered_effect trigger="onOtherDamagedSelf" action="ModifyCVar" cvar="sorceryPlayerTier" operation="set" value="6">
					<requirement name="PlayerLevel" target="other" operation="GTE" value="100"/>
					<requirement name="PlayerLevel" target="other" operation="LT" value="150"/>
				</triggered_effect>
				<triggered_effect trigger="onOtherDamagedSelf" action="ModifyCVar" cvar="sorceryPlayerTier" operation="set" value="7">
					<requirement name="PlayerLevel" target="other" operation="GTE" value="150"/>
					<requirement name="PlayerLevel" target="other" operation="LT" value="200"/>
				</triggered_effect>
				<triggered_effect trigger="onOtherDamagedSelf" action="ModifyCVar" cvar="sorceryPlayerTier" operation="set" value="8">
					<requirement name="PlayerLevel" target="other" operation="GTE" value="200"/>
					<requirement name="PlayerLevel" target="other" operation="LT" value="250"/>
				</triggered_effect>
				<triggered_effect trigger="onOtherDamagedSelf" action="ModifyCVar" cvar="sorceryPlayerTier" operation="set" value="9">
					<requirement name="PlayerLevel" target="other" operation="GTE" value="250"/>
					<requirement name="PlayerLevel" target="other" operation="LT" value="300"/>
				</triggered_effect>	
				<triggered_effect trigger="onOtherDamagedSelf" action="ModifyCVar" cvar="sorceryPlayerTier" operation="set" value="10">
					<requirement name="PlayerLevel" target="other" operation="GTE" value="300"/>
				</triggered_effect>
			</effect_group>			
			<property name="MapIcon" value="ui_symbol_lightning"/>
			<property name="TrackerIcon" value="ui_symbol_lightning"/>
			<drop event="Harvest" name="resourceEssenceLightning" count="1,2" tag="essenceLightningHarvest"/>
			<drop event="Harvest" name="resourceEssenceLightning2" count="1,2" prob=".7" tag="essenceLightning2Harvest"/>
			<drop event="Harvest" name="resourceEssenceLightning3" count="1,2" prob=".4" tag="essenceLightning3Harvest"/>
			<drop event="Harvest" name="resourceEssenceLightning4" count="1,2" prob=".1" tag="essenceLightning4Harvest"/>
			<drop event="Harvest" name="resourceEssenceLightning5" count="1,2" prob=".01" tag="essenceLightning5Harvest"/>
			<property name="LootListAlive" value="694"/>
			<property name="LootDropProb" value="1"/>
			<property name="LootDropEntityClass" value="FallenLootContainerLightning"/>
			<property name="TimeStayAfterDeath" value="-1"/>
			<property name="DeadBodyHitPoints" value="0"/>
			<property name="PassThroughDamage" value="true"/>
			<!-- <property name="SizeScale" value="1.2"/> -->
		</entity_class>
		
		<!-- FAMILIARS -->
		<entity_class name="sorceryFamiliarMaster">
			<property name="HideInSpawnMenu" value="true"/>
			<property name="Tags" value="entity,animal,familiar"/>
<!-- <property name="IgnoreTrigger" value="true"/> -->
			<property name="Class" value="EntityEnemyAnimal"/>
			<!-- <property name="MapIcon" value="ui_game_symbol_map_player_arrow"/> -->
			<property name="MapIcon" value="ui_game_symbol_tracking_wolf"/>
			<property name="TrackerIcon" value="ui_game_symbol_map_player_arrow"/>
			<property name="NavObject" value="animaltracking_timid" />
		<!-- <property name="Parent" value="NPC"/> -->
		<property name="Parent" value="Animals"/>
		<property name="EntityType" value="Animal"/>
			<property name="AvatarController" value="AvatarAnimalController"/>
			<property name="ModelType" value="Standard"/>
			<property name="Prefab" value="/Entities/Animals/Wolf/animalStandardWolfRagdoll"/>
			<!-- <property name="Prefab" value="#@modfolder:Resources/junkSledge_Prefab.unity3d?junkSledge_Prefab"/> -->
			<property name="ReplaceMaterial0" value="#@modfolder:Resources/mat_familiarArcane.unity3d?mat_familiarArcane"/>
			<!-- <property name="ReplaceMaterial1" value="#@modfolder:Resources/mat_awakenedEyeLightning.unity3d?mat_awakenedEyeLightning"/> -->
			<property name="SurfaceCategory" value="organic"/>
			<property name="ParticleOnDeath" value="blood_death"/>
			<property name="HasDeathAnim" value="true"/>
			<property name="RootMotion" value="true"/>
			<property name="HasRagdoll" value="true"/>
			<property name="PhysicsBody" value="wolf"/>
			<property name="Mass" value="95"/>
			<property name="Weight" value="300"/>
			<!-- <property name="PushFactor" value="100"/> -->
			<property name="SizeScale" value=".9"/>
		<property name="IsAnimalEntity" value="true"/>
			<property name="IsEnemyEntity" value="false"/>
		<property name="Faction" value="animals"/>
			<property name="LookAtAngle" value="90"/>
			<property name="RotateToGround" value="true"/>
			<property name="AIGroupCircle" value="1"/>
			<property name="AINoiseSeekDist" value="1000"/>
			<property name="AIPathCostScale" value="100, 100"/>
			<property name="AITask-1" value="ApproachSpot" data="class=EntityPlayer,1000,1000"/>
			<property name="AITask-2" value="ApproachAndAttackTarget" data="class=EntityEnemyAnimal,5,EntityZombie,5"/>
			<property name="AITask-3" value=""/>
			<property name="AITarget-1" value="SetNearestEntityAsTarget" data="class=EntityPlayer,1000,1000,EntityEnemyAnimal,20,20,EntityZombie,20,20"/>
			<property name="AITarget-2" value=""/>
			
			<!-- Stealth settings -->
			<property name="MaxViewAngle" value="360"/>
			<property name="SightRange" value="1000"/> 
			<property name="SightLightThreshold" value="-2,-2"/>

			<property name="SoundRandom" value="wolfroam"/>
			<property name="SoundAlert" value="wolfalert"/>
			<property name="SoundHurt" value="wolfpain"/>
			<property name="SoundDeath" value="wolfdeath"/>
			<property name="SoundAttack" value="wolfattack"/>
			<property name="SoundSense" value="wolfsense"/>
			<property name="SoundGiveUp" value="wolfgiveup"/>

			<!-- Gameplay -->
			<property name="PainResistPerHit" value="-1"/> <!-- no pain -->
			<!-- <property name="PainResistPerHit" value="3"/> -->
			<property name="MaxTurnSpeed" value="360"/>
			<property name="MoveSpeed" value="3"/>
			<property name="MoveSpeedAggro" value="5, 5"/>
			<property name="MoveSpeedRand" value="0"/>
			<property name="MoveSpeedPanic" value="5"/>
			<property name="SwimSpeed" value="5"/>
			<property name="SwimStrokeRate" value="1.1,1.5"/>
			<property name="AttackTimeoutDay" value="2"/>
			<property name="AttackTimeoutNight" value="2"/>
			<property name="CanClimbLadders" value="true"/>

			<property name="Immunity" value="sickness;disease;wellness"/> <!-- bleeding; -->
			<property name="DismemberMultiplierHead" value="0"/>
			<property name="DismemberMultiplierArms" value="0"/>
			<property name="DismemberMultiplierLegs" value="0"/>

			<property name="TimeStayAfterDeath" value="10"/>
			<property name="DeadBodyHitPoints" value="1000"/>

			<property name="LootListAlive" value="690"/>
			<!-- <property name="LootListOnDeath" value="139"/> -->

			<!-- <property name="LootDropProb" value="0"/> -->
			<property name="HandItem" value="meleeHandFamiliarArcane"/>	
			<property name="ExperienceGain" value="0"/>
			<effect_group name="Base Effects" tiered="false">
				<!-- <triggered_effect trigger="onSelfFirstSpawn" action="ModifyCVar" target="self" cvar="FamiliarEntityOwner" operation="set" value="RND"/> -->
				<!-- <triggered_effect trigger="onSelfFirstSpawn" action="ModifyCVar" target="self" cvar="FamiliarEntityFood" operation="set" value="randomint(10,100)"/> -->
				<triggered_effect trigger="onSelfFirstSpawn" action="ModifyCVar" target="self" cvar="FamiliarEntityFood" operation="set" value="100"/>
				<triggered_effect trigger="onSelfFirstSpawn" action="AddBuff" buff="buffFamiliarArcane,buffSorceryImmunity_All,buffSorceryImmunity_Entities"/>
				<triggered_effect trigger="onSelfFirstSpawn" action="AddBuff" target="selfAOE" range="30" buff="buffFamiliarCooldown" target_tags="player"/>
				<triggered_effect trigger="onSelfFirstSpawn" action="AddBuff" target="selfAOE" range="100" buff="buffDummyEntitySuicide" target_tags="familiar"/>
				<passive_effect name="HealthMax" operation="base_set" value="200"/>
				<passive_effect name="HealthMax" operation="perc_set" value="1"/>
				<passive_effect name="StaminaMax" operation="base_set" value="10000"/>
				<passive_effect name="StaminaChangeOT" operation="base_add" value="10"/>
				<passive_effect name="BuffResistance" operation="base_set" value="5" tags="buffFatiguedTrigger,buffArmSprainedCHTrigger,buffLegSprainedCHTrigger,buffLaceration,buffInfectionCatch,buffAbrasionCatch,buffInjuryStunned01CHTrigger,buffInjuryBleedingTwo"/>
			</effect_group>
		</entity_class>
		<!-- Familiar: ARCANE -->
		<entity_class name="sorceryFamiliarArcane" extends="sorceryFamiliarMaster">
			<property name="Tags" value="entity,animal,familiar,familiarArcane"/>
			<property name="ReplaceMaterial0" value="#@modfolder:Resources/mat_familiarArcane.unity3d?mat_familiarArcane"/>
			<!-- <property name="LootListAlive" value="139"/> -->
			<!-- <property name="LootDropProb" value="1"/>
			<property name="LootDropEntityClass" value="FamiliarLootContainerArcane"/>
			<property name="TimeStayAfterDeath" value="-1"/>
			<property name="DeadBodyHitPoints" value="0"/>
			<property name="PassThroughDamage" value="true"/> -->
		</entity_class>
		
		
		<!-- LOOT ENTITIES -->
		<!-- Familiar Loot: ARCANE -->
		<entity_class name="FamiliarLootContainerArcane">
			<property name="Tags" value="sorceryLootFamiliar"/>
			<property name="HideInSpawnMenu" value="true"/>
			<property name="Mesh" value="#@modfolder:Resources/chestFallenOrbLightning.unity3d?chestFallenOrbLightning"/>
			<property name="ModelType" value="Custom"/>
			<property name="Prefab" value="Backpack"/>
			<property name="Class" value="EntityLootContainer"/>
			<property name="Parent" value="Backpack"/>
			<property name="IsEnemyEntity" value="false"/>
			<property name="TimeStayAfterDeath" value="300"/>
			<property name="LootListOnDeath" value="139"/>
			<property name="Faction" value="none"/>	
			<property name="MapIcon" value="ui_game_symbol_treasure"/>
			<property name="TrackerIcon" value="ui_game_symbol_treasure"/>
			<property name="NavObject" value="backpack" />
		</entity_class>
		<!-- Fallen Loot: FIRE -->
		<entity_class name="FallenLootContainerFire">
			<property name="Tags" value="sorceryLootFallen"/>
			<property name="HideInSpawnMenu" value="true"/>
			<property name="Mesh" value="#@modfolder:Resources/chestFallenOrbFire.unity3d?chestFallenOrbFire"/>
			<property name="ModelType" value="Custom"/>
			<property name="Prefab" value="Backpack"/>
			<property name="Class" value="EntityLootContainer"/>
			<property name="Parent" value="Backpack"/>
			<property name="IsEnemyEntity" value="false"/>
			<property name="TimeStayAfterDeath" value="300"/>
			<property name="LootListOnDeath" value="693"/>
			<property name="Faction" value="none"/>	
			<property name="MapIcon" value="ui_game_symbol_treasure"/>
			<property name="TrackerIcon" value="ui_game_symbol_treasure"/>
		</entity_class>
		<!-- Fallen Loot: ICE -->
		<entity_class name="FallenLootContainerIce">
			<property name="Tags" value="sorceryLootFallen"/>
			<property name="HideInSpawnMenu" value="true"/>
			<property name="Mesh" value="#@modfolder:Resources/chestFallenOrbIce.unity3d?chestFallenOrbIce"/>
			<property name="ModelType" value="Custom"/>
			<property name="Prefab" value="Backpack"/>
			<property name="Class" value="EntityLootContainer"/>
			<property name="Parent" value="Backpack"/>
			<property name="IsEnemyEntity" value="false"/>
			<property name="TimeStayAfterDeath" value="300"/>
			<property name="LootListOnDeath" value="692"/>
			<property name="Faction" value="none"/>	
			<property name="MapIcon" value="ui_game_symbol_treasure"/>
			<property name="TrackerIcon" value="ui_game_symbol_treasure"/>
		</entity_class>
		<!-- Fallen Loot: LIGHTNING -->
		<entity_class name="FallenLootContainerLightning">
			<property name="Tags" value="sorceryLootFallen"/>
			<property name="HideInSpawnMenu" value="true"/>
			<property name="Mesh" value="#@modfolder:Resources/chestFallenOrbLightning.unity3d?chestFallenOrbLightning"/>
			<property name="ModelType" value="Custom"/>
			<property name="Prefab" value="Backpack"/>
			<property name="Class" value="EntityLootContainer"/>
			<property name="Parent" value="Backpack"/>
			<property name="IsEnemyEntity" value="false"/>
			<property name="TimeStayAfterDeath" value="300"/>
			<property name="LootListOnDeath" value="691"/>
			<property name="Faction" value="none"/>	
			<property name="MapIcon" value="ui_game_symbol_treasure"/>
			<property name="TrackerIcon" value="ui_game_symbol_treasure"/>
		</entity_class>
		
	</append>
<!-- END - ENTITIES ______________________________________-->
	
</Sorcery>