<Sorcery>
 <!--__________________________________________________________________________________
		TERMS OF USE: YOU AGREE TO THESE TERMS BY USING SORCERY MOD.
		__________________________________________________________________________________
		2020 "DEVRIX"
		All Rights Reserved.
		__________________________________________________________________________________
		HOME: http://sorcerymod.com
		AUTHOR: http://author.sorcerymod.com
		FORUM: http://forum.sorcerymod.com
		DISCORD: http://discord.sorcerymod.com
		YOUTUBE: http://youtube.sorcerymod.com
		DOWNLOAD: http://download.sorcerymod.com
		TFP POLICY: http://tfpmodforumpolicy.sorcerymod.com
		__________________________________________________________________________________
		NOTICE: All digital assets and ideas contained herein, and made possible by the "Sorcery Mod", is 
		the sole digital proprietary property of mod Author Devrix. Ownership and equal rights are hereby, 
		irrefutably and solely, extended and granted to The Fun Pimps legal entity in good faith.
		
		USAGE: The Sorcery Mod may be downloaded and used by players of the 7 Days to Die community, 
		with no required royalties. Other than the XML Code itself, digital assets and works of the Sorcery Mod 
		may not be used outside of the Sorcery Mod. By downloading and using the Sorcery Mod, users of the 
		mod understand and accept full and sole responsibility and liability of using the mod. Author, nor The 
		Fun Pimps, shall be held responsible or liable for any possible conflict(s) as a direct or indirect result 
		of using this mod.
		
		REDISTRIBUTION: The XML code of the Sorcery Mod may solely be redistributed within the 7 Days 
		to Die community. Conditions of redistribution require this notice to remain in full, unmodified, and a 
		direct link, with credit stated, to the original Mod and Author. You may not redistribute the digital 
		Assets or works, aside from XML Code, of the Sorcery Mod. The Sorcery Mod itself should not be 
		redistributed outside of its original distribution channels.
		
		CREDIT: This mod is made possible through the framework provided by The Fun Pimps. It is their 
		hard work and ongoing dedication to building and improving an awesome game that fuels the passion 
		and drives the creation of this mod. Supporters of the Sorcery Mod make ongoing development 
		possible. Without their support, it is not possible to put in the enormous amount of time required to 
		create the plethora of unique assets that make Sorcery.
		
		MODIFICATION: The Terms of Use and Disclaimer herein are subject to changes and modifications.
		__________________________________________________________________________________
		
		DISCLAIMER
		__________________________________________________________________________________
		The Sorcery Mod is, and will always be, 100% FREE. When you choose to Support Development, you 
		are supporting the unique individual work I (Devrix) personally do outside of the game, as a content 
		creator: The creation of unique Assets, VFX, SFX, Art, Time creating content and the services and 
		interaction I provide on Discord, Patreon, YouTube, Forums and other related places.
		__________________________________________________________________________________-->
	
	<!-- AWAKENED -->
	<!-- BOSS -->
	<!-- <append xpath="/entitygroups/entitygroup[@name='ZombiesBoss']">
		<entity name="sorceryAwakenedMaster" prob="0.01"/>
	</append> -->
	
	<!-- HORDE SPANWS -->
	<!-- WANDERING -->
	<append xpath="/entitygroups/entitygroup[starts-with(@name, 'wanderingHordeStage')]">
		<entity name="sorceryFallenFire" prob="0.06"/>
		<entity name="sorceryFallenIce" prob="0.06"/>
		<entity name="sorceryFallenLightning" prob="0.06"/>
	</append>
	<append xpath="/entitygroups/entitygroup[starts-with(@name, 'FwanderingHordeStage')]">
		<entity name="sorceryFallenFire" prob="0.08"/>
		<entity name="sorceryFallenIce" prob="0.08"/>
		<entity name="sorceryFallenLightning" prob="0.08"/>
	</append>	
	<!-- SLEEPER -->
	<!-- <append xpath="/entitygroups/entitygroup[starts-with(@name, 'sleeperHordeStage')]">
		<entity name="sorceryFallenLightning" prob="0.15"/>
	</append> -->
	<!-- BADASS -->
	<append xpath="/entitygroups/entitygroup[starts-with(@name, 'badassHordeStage')]">
		<entity name="sorceryFallenFire" prob="0.06"/>
		<entity name="sorceryFallenIce" prob="0.06"/>
		<entity name="sorceryFallenLightning" prob="0.06"/>
	</append>
	<!-- BADASS ONLY -->
	<append xpath="/entitygroups/entitygroup[starts-with(@name, 'badassOnlyHordeStage')]">
		<entity name="sorceryFallenFire" prob="0.08"/>
		<entity name="sorceryFallenIce" prob="0.08"/>
		<entity name="sorceryFallenLightning" prob="0.08"/>
	</append>	
	<!-- SCOUT -->
	<append xpath="/entitygroups/entitygroup[starts-with(@name, 'scoutHordeStage')]">
		<entity name="sorceryFallenFire" prob="0.02"/>
		<entity name="sorceryFallenIce" prob="0.02"/>
		<entity name="sorceryFallenLightning" prob="0.02"/>
	</append>	
	<!-- FERAL -->
	<append xpath="/entitygroups/entitygroup[starts-with(@name, 'feralHordeStage')]">
		<entity name="sorceryFallenFire" prob="0.08"/>
		<entity name="sorceryFallenIce" prob="0.08"/>
		<entity name="sorceryFallenLightning" prob="0.08"/>
	</append>
	
	<!-- ZOMBIESALL -->
	<!-- pine_forest -->
	<!-- desert -->
	<!-- wasteland -->
	<!-- <append xpath="/entitygroups/entitygroup[@name='ZombiesAll']">
	</append> -->	
	
	<!-- NIGHT -->
	<!-- <append xpath="/entitygroups/entitygroup[@name='ZombiesNight']">
	</append> -->	
	
	<!-- CAVES -->
	<append xpath="/entitygroups/entitygroup[@name='ZombiesCave']">
		<entity name="sorceryFallenFire" prob="0.2"/>
		<entity name="sorceryFallenIce" prob="0.2"/>
		<entity name="sorceryFallenLightning" prob="0.2"/>
	</append>
	
	<!-- NEW GROUP -->
	<append xpath="/entitygroups">
		<!-- FALLEN -->
		<!-- Fire Fallen -->
		<entitygroup name="SorceryFallenFire">
			<entity name="invisibleSorceryEntity" prob="28"/>
			<entity name="sorceryFallenFire" prob="1"/>
			<entity name="sorceryFallenIce" prob="0.3"/>
			<entity name="sorceryFallenLightning" prob="0.3"/>
		</entitygroup>
		<!-- Ice Fallen -->
		<entitygroup name="SorceryFallenIce">
			<entity name="invisibleSorceryEntity" prob="28"/>
			<entity name="sorceryFallenIce" prob="1"/>
			<entity name="sorceryFallenFire" prob="0.3"/>
			<entity name="sorceryFallenLightning" prob="0.3"/>
		</entitygroup>		
		<!-- Lightning Fallen -->
		<entitygroup name="SorceryFallenLightning">
			<entity name="invisibleSorceryEntity" prob="28"/>
			<entity name="sorceryFallenLightning" prob="1"/>
			<entity name="sorceryFallenFire" prob="0.3"/>
			<entity name="sorceryFallenIce" prob="0.3"/>
		</entitygroup>
	</append>
	
</Sorcery>