<Sorcery>
 <!--__________________________________________________________________________________
		TERMS OF USE: YOU AGREE TO THESE TERMS BY USING SORCERY MOD.
		__________________________________________________________________________________
		2020 "DEVRIX"
		All Rights Reserved.
		__________________________________________________________________________________
		HOME: http://sorcerymod.com
		AUTHOR: http://author.sorcerymod.com
		FORUM: http://forum.sorcerymod.com
		DISCORD: http://discord.sorcerymod.com
		YOUTUBE: http://youtube.sorcerymod.com
		DOWNLOAD: http://download.sorcerymod.com
		TFP POLICY: http://tfpmodforumpolicy.sorcerymod.com
		__________________________________________________________________________________
		NOTICE: All digital assets and ideas contained herein, and made possible by the "Sorcery Mod", is 
		the sole digital proprietary property of mod Author Devrix. Ownership and equal rights are hereby, 
		irrefutably and solely, extended and granted to The Fun Pimps legal entity in good faith.
		
		USAGE: The Sorcery Mod may be downloaded and used by players of the 7 Days to Die community, 
		with no required royalties. Other than the XML Code itself, digital assets and works of the Sorcery Mod 
		may not be used outside of the Sorcery Mod. By downloading and using the Sorcery Mod, users of the 
		mod understand and accept full and sole responsibility and liability of using the mod. Author, nor The 
		Fun Pimps, shall be held responsible or liable for any possible conflict(s) as a direct or indirect result 
		of using this mod.
		
		REDISTRIBUTION: The XML code of the Sorcery Mod may solely be redistributed within the 7 Days 
		to Die community. Conditions of redistribution require this notice to remain in full, unmodified, and a 
		direct link, with credit stated, to the original Mod and Author. You may not redistribute the digital 
		Assets or works, aside from XML Code, of the Sorcery Mod. The Sorcery Mod itself should not be 
		redistributed outside of its original distribution channels.
		
		CREDIT: This mod is made possible through the framework provided by The Fun Pimps. It is their 
		hard work and ongoing dedication to building and improving an awesome game that fuels the passion 
		and drives the creation of this mod. Supporters of the Sorcery Mod make ongoing development 
		possible. Without their support, it is not possible to put in the enormous amount of time required to 
		create the plethora of unique assets that make Sorcery.
		
		MODIFICATION: The Terms of Use and Disclaimer herein are subject to changes and modifications.
		__________________________________________________________________________________
		
		DISCLAIMER
		__________________________________________________________________________________
		The Sorcery Mod is, and will always be, 100% FREE. When you choose to Support Development, you 
		are supporting the unique individual work I (Devrix) personally do outside of the game, as a content 
		creator: The creation of unique Assets, VFX, SFX, Art, Time creating content and the services and 
		interaction I provide on Discord, Patreon, YouTube, Forums and other related places.
		__________________________________________________________________________________-->
		
	<append xpath="/item_modifiers" >
		<!-- NOTE: onSelfEquipStart Bug, Mods must NOT attempt to perform CVar math, individually, as onSelfEquipStart double and triple fires per mod. Resort to Unique Buffs and perform CVar math there instead. -->
	
		<!-- RUNE MASTER -->
		<item_modifier name="runeMaster" installable_tags="armor" modifier_tags="runeMaster" type="attachment">
			<property name="CreativeMode" value="None"/>
			<property name="Meshfile" value="#Other/Items?Misc/sackPrefab.prefab"/>
			<property name="DropMeshfile" value="#Other/Items?Misc/sack_droppedPrefab.prefab"/>
			<!-- <property name="CustomIcon" value="rune_lockshatter"/> -->
			<property name="Stacknumber" value="1"/>
			<property name="Material" value="MsorceryExtractOmni"/>
			<property name="Weight" value="40"/>
			<property name="SellableToTrader" value="true"/>				
			<property name="EconomicValue" value="1000"/>
			<property name="PickupJournalEntry" value="augmentGunsTip"/>
			<property name="Group" value="Mods"/>
			<property name="UnlockedBy" value="perkSorceryRuneMastery"/>
			<!-- <property name="ShowQuality" value="true"/> -->
		</item_modifier>		
		
	<!-- ARCANE RUNES __________________________________________________________________________________ -->
		<!-- LOCK SHATTER -->
		<item_modifier name="rune_LockShatter" installable_tags="spellcast,weapon,tool" modifier_tags="rune_LockShatter" type="mod">
			<property name="Extends" value="runeMaster"/>
				<effect_group tiered="false" name="CALC">
					<triggered_effect trigger="onSelfEquipStart" action="ModifyCVar" cvar=".runeLockShatter" operation="set" value="@$sorceryRuneMastery_power"/>
					<triggered_effect trigger="onSelfEquipStart" action="ModifyCVar" cvar=".runeLockShatter" operation="multiply" value="30"/>
					<triggered_effect trigger="onSelfEquipStart" action="ModifyCVar" cvar=".runeLockShatter_degrade" operation="set" value="@$runeDegradeCost"/>
					<triggered_effect trigger="onSelfEquipStart" action="ModifyCVar" cvar=".runeLockShatter_degrade" operation="multiply" value="8"/>
					<triggered_effect trigger="onSelfEquipStart" action="ModifyCVar" cvar=".runeLockShatter_burden" operation="set" value="@$runeBurdenCost"/>
					<triggered_effect trigger="onSelfEquipStart" action="ModifyCVar" cvar=".runeLockShatter_burden" operation="multiply" value="20"/>
					<!-- clear -->
					<triggered_effect trigger="onSelfEquipStop" action="ModifyCVar" cvar=".runeLockShatter" operation="set" value="0" />
					<triggered_effect trigger="onSelfEquipStop" action="ModifyCVar" cvar=".runeLockShatter_degrade" operation="set" value="0" />
					<triggered_effect trigger="onSelfEquipStop" action="ModifyCVar" cvar=".runeLockShatter_burden" operation="set" value="0" />
				</effect_group>
				<effect_group tiered="false" name="RUNE">
						<requirement name="HoldingItemHasTags" tags="spellcast,weapon,tool"/>
						<requirement name="TriggerHasTags" tags="safes,lockedChest"/>
						<requirement name="CVarCompare" cvar="$spiritAmount" operation="GTE" value="@.runeLockShatter_burden"/>
					<triggered_effect trigger="onSelfDamagedBlock" action="ModifyCVar" cvar=".spiritSubtract" operation="add" value="@.runeLockShatter_burden"/>
					<triggered_effect trigger="onSelfDestroyedBlock" action="ModifyCVar" cvar=".spiritSubtract" operation="add" value="@.runeLockShatter_burden"/>
					<passive_effect name="DamageModifier" operation="base_add" value="50" tags="safes,lockedChest">
						<requirement name="HoldingItemHasTags" tags="spellcast,bow,crossbow"/>
					</passive_effect>
					<passive_effect name="DamageModifier" operation="perc_add" value="@.runeLockShatter" tags="safes,lockedChest"/>
					<passive_effect name="DegradationPerUse" operation="perc_add" value="@.runeLockShatter_degrade"/>
				</effect_group>
		</item_modifier>
		
		<!-- DOOR SHATTER -->
		<item_modifier name="rune_DoorShatter" installable_tags="spellcast,weapon,tool" modifier_tags="rune_DoorShatter" type="mod">
			<property name="Extends" value="runeMaster"/>
				<effect_group tiered="false" name="CALC">
					<triggered_effect trigger="onSelfEquipStart" action="ModifyCVar" cvar=".runeDoorShatter" operation="set" value="@$sorceryRuneMastery_power"/>
					<triggered_effect trigger="onSelfEquipStart" action="ModifyCVar" cvar=".runeDoorShatter" operation="multiply" value="10"/>
					<triggered_effect trigger="onSelfEquipStart" action="ModifyCVar" cvar=".runeDoorShatter_degrade" operation="set" value="@$runeDegradeCost"/>
					<triggered_effect trigger="onSelfEquipStart" action="ModifyCVar" cvar=".runeDoorShatter_degrade" operation="multiply" value="8"/>
					<triggered_effect trigger="onSelfEquipStart" action="ModifyCVar" cvar=".runeDoorShatter_burden" operation="set" value="@$runeBurdenCost"/>
					<triggered_effect trigger="onSelfEquipStart" action="ModifyCVar" cvar=".runeDoorShatter_burden" operation="multiply" value="20"/>
					<!-- clear -->
					<triggered_effect trigger="onSelfEquipStop" action="ModifyCVar" cvar=".runeDoorShatter" operation="set" value="0" />
					<triggered_effect trigger="onSelfEquipStop" action="ModifyCVar" cvar=".runeDoorShatter_degrade" operation="set" value="0" />
					<triggered_effect trigger="onSelfEquipStop" action="ModifyCVar" cvar=".runeDoorShatter_burden" operation="set" value="0" />
				</effect_group>
				<effect_group tiered="false" name="RUNE">
						<requirement name="HoldingItemHasTags" tags="spellcast,weapon,tool"/>
						<requirement name="TriggerHasTags" tags="lockedDoor"/>
						<requirement name="CVarCompare" cvar="$spiritAmount" operation="GTE" value="@.runeDoorShatter_burden"/>
					<triggered_effect trigger="onSelfDamagedBlock" action="ModifyCVar" cvar=".spiritSubtract" operation="add" value="@.runeDoorShatter_burden"/>
					<triggered_effect trigger="onSelfDestroyedBlock" action="ModifyCVar" cvar=".spiritSubtract" operation="add" value="@.runeDoorShatter_burden"/>
					<passive_effect name="BlockDamage" operation="base_add" value="50" tags="lockedDoor">
						<requirement name="HoldingItemHasTags" tags="spellcast,bow,crossbow"/>
					</passive_effect>
					<passive_effect name="DamageModifier" operation="perc_add" value="@.runeDoorShatter" tags="lockedDoor"/>
					<passive_effect name="DegradationPerUse" operation="perc_add" value="@.runeDoorShatter_degrade"/>
				</effect_group>
		</item_modifier>
		
		<!-- SPELL LIGHT -->
		<item_modifier name="rune_SpellLight" installable_tags="armor" modifier_tags="rune_SpellLight" type="mod">
			<property name="Extends" value="runeMaster"/>
				<effect_group name="CALC">
					<triggered_effect trigger="onSelfEquipStart" action="ModifyCVar" cvar=".runeSpellLight" operation="set" value="@$sorceryRuneMastery_power"/>
					<triggered_effect trigger="onSelfEquipStart" action="ModifyCVar" cvar=".runeSpellLight" operation="multiply" value="75"/>
					<triggered_effect trigger="onSelfEquipStart" action="ModifyCVar" cvar=".runeSpellLight" operation="set" value="60">
						<requirement name="CVarCompare" cvar="$sorceryRuneMastery" operation="LT" value="1"/>
					</triggered_effect>
					<triggered_effect trigger="onSelfEquipStart" action="ModifyCVar" cvar=".runeSpellLight_degrade" operation="set" value="@$runeDegradeCost"/>
					<triggered_effect trigger="onSelfEquipStart" action="ModifyCVar" cvar=".runeSpellLight_degrade" operation="multiply" value="2"/>
					<!-- clear -->
					<!-- <triggered_effect trigger="onSelfLeaveGame" action="RemoveBuff" buff="buffRune_SpellLight"/> --> <!-- BUGGED: Not Working -->
					<triggered_effect trigger="onSelfEquipStop" action="RemoveBuff" buff="buffRune_SpellLight"/>
					<triggered_effect trigger="onSelfEquipStop" action="ModifyCVar" cvar=".runeSpellLight" operation="set" value="0" />
					<triggered_effect trigger="onSelfEquipStop" action="ModifyCVar" cvar=".runeSpellLight_degrade" operation="set" value="0" />
				</effect_group>
				<effect_group tiered="false" name="RUNE">
					<triggered_effect trigger="onSelfEquipStart" action="AddBuff" buff="buffRune_SpellLight"/>
					<passive_effect name="DegradationPerUse" operation="perc_add" value="@.runeSpellLight_degrade"/>
				</effect_group>
		</item_modifier>
		
		<!-- LUCKY DUKES -->
		<item_modifier name="rune_LuckyDukes" installable_tags="armor,clothing" type="mod">
			<property name="Extends" value="runeMaster"/>
				<effect_group tiered="false" name="CALC">
					<triggered_effect trigger="onSelfEquipStart" action="ModifyCVar" cvar=".runeLuckyDukes" operation="set" value="@$sorceryRuneMastery_power"/>
					<triggered_effect trigger="onSelfEquipStart" action="ModifyCVar" cvar=".runeLuckyDukes" operation="multiply" value="0.02"/>
					<triggered_effect trigger="onSelfEquipStart" action="ModifyCVar" cvar=".runeLuckyDukesDisplay" operation="set" value="@.runeLuckyDukes"/>
					<triggered_effect trigger="onSelfEquipStart" action="ModifyCVar" cvar=".runeLuckyDukesDisplay" operation="multiply" value="100"/>
					<triggered_effect trigger="onSelfEquipStart" action="ModifyCVar" cvar=".runeLuckyDukes_degrade" operation="set" value="@$runeDegradeCost"/>
					<triggered_effect trigger="onSelfEquipStart" action="ModifyCVar" cvar=".runeLuckyDukes_degrade" operation="multiply" value=".12"/>
					<triggered_effect trigger="onSelfEquipStart" action="ModifyCVar" cvar=".runeLuckyDukes_degradeDisplay" operation="set" value="@.runeLuckyDukes_degrade"/>
					<triggered_effect trigger="onSelfEquipStart" action="ModifyCVar" cvar=".runeLuckyDukes_degradeDisplay" operation="multiply" value="100"/>
					<triggered_effect trigger="onSelfEquipStart" action="ModifyCVar" cvar=".runeLuckyDukes_burden" operation="set" value="@$runeBurdenCost"/>
					<triggered_effect trigger="onSelfEquipStart" action="ModifyCVar" cvar=".runeLuckyDukes_burden" operation="multiply" value="3"/>
					<triggered_effect trigger="onSelfEquipStop" action="ModifyCVar" cvar=".runeLuckyDukes" operation="set" value="0" />
					<triggered_effect trigger="onSelfEquipStop" action="ModifyCVar" cvar=".runeLuckyDukes_degrade" operation="set" value="0" />
					<triggered_effect trigger="onSelfEquipStop" action="ModifyCVar" cvar=".runeLuckyDukes_burden" operation="set" value="0" />
					<triggered_effect trigger="onSelfEquipStop" action="ModifyCVar" cvar=".runeLuckyDukesDisplay" operation="set" value="0" />
					<triggered_effect trigger="onSelfEquipStop" action="ModifyCVar" cvar=".runeLuckyDukes_degradeDisplay" operation="set" value="0" />
				</effect_group>
				<effect_group tiered="false" name="RUNE">
						<requirement name="CVarCompare" cvar="$spiritAmount" operation="GTE" value="@.runeLuckyDukes_burden"/>
					<triggered_effect trigger="onSelfOpenLootContainer" action="ModifyCVar" cvar=".spiritSubtract" operation="add" value="@.runeLuckyDukes_burden"/>
					<passive_effect name="DegradationPerUse" operation="perc_add" value="@.runeLuckyDukes_degrade"/>
					<passive_effect name="LootQuantity" operation="perc_add" value="@.runeLuckyDukes" tags="dukes"/>
				</effect_group>
		</item_modifier>
		
		<!-- LUCKY AMMO -->
		<item_modifier name="rune_LuckyAmmo" installable_tags="armor,clothing" type="mod">
			<property name="Extends" value="runeMaster"/>
				<effect_group tiered="false" name="CALC">
					<triggered_effect trigger="onSelfEquipStart" action="ModifyCVar" cvar=".runeLuckyAmmo" operation="set" value="@$sorceryRuneMastery_power"/>
					<triggered_effect trigger="onSelfEquipStart" action="ModifyCVar" cvar=".runeLuckyAmmo" operation="multiply" value="0.02"/>
					<triggered_effect trigger="onSelfEquipStart" action="ModifyCVar" cvar=".runeLuckyAmmoDisplay" operation="set" value="@.runeLuckyAmmo"/>
					<triggered_effect trigger="onSelfEquipStart" action="ModifyCVar" cvar=".runeLuckyAmmoDisplay" operation="multiply" value="100"/>
					<triggered_effect trigger="onSelfEquipStart" action="ModifyCVar" cvar=".runeLuckyAmmo_degrade" operation="set" value="@$runeDegradeCost"/>
					<triggered_effect trigger="onSelfEquipStart" action="ModifyCVar" cvar=".runeLuckyAmmo_degrade" operation="multiply" value=".1"/>
					<triggered_effect trigger="onSelfEquipStart" action="ModifyCVar" cvar=".runeLuckyAmmo_degradeDisplay" operation="set" value="@.runeLuckyAmmo_degrade"/>
					<triggered_effect trigger="onSelfEquipStart" action="ModifyCVar" cvar=".runeLuckyAmmo_degradeDisplay" operation="multiply" value="100"/>
					<triggered_effect trigger="onSelfEquipStart" action="ModifyCVar" cvar=".runeLuckyAmmo_burden" operation="set" value="@$runeBurdenCost"/>
					<triggered_effect trigger="onSelfEquipStart" action="ModifyCVar" cvar=".runeLuckyAmmo_burden" operation="multiply" value="2"/>
					<triggered_effect trigger="onSelfEquipStop" action="ModifyCVar" cvar=".runeLuckyAmmo" operation="set" value="0" />
					<triggered_effect trigger="onSelfEquipStop" action="ModifyCVar" cvar=".runeLuckyAmmo_degrade" operation="set" value="0" />
					<triggered_effect trigger="onSelfEquipStop" action="ModifyCVar" cvar=".runeLuckyAmmo_burden" operation="set" value="0" />
					<triggered_effect trigger="onSelfEquipStop" action="ModifyCVar" cvar=".runeLuckyAmmoDisplay" operation="set" value="0" />
					<triggered_effect trigger="onSelfEquipStop" action="ModifyCVar" cvar=".runeLuckyAmmo_degradeDisplay" operation="set" value="0" />
				</effect_group>
				<effect_group tiered="false" name="RUNE">
						<requirement name="CVarCompare" cvar="$spiritAmount" operation="GTE" value="@.runeLuckyAmmo_burden"/>
					<triggered_effect trigger="onSelfOpenLootContainer" action="ModifyCVar" cvar=".spiritSubtract" operation="add" value="@.runeLuckyAmmo_burden"/>
					<passive_effect name="DegradationPerUse" operation="perc_add" value="@.runeLuckyAmmo_degrade"/>
					<passive_effect name="LootQuantity" operation="perc_add" value="@.runeLuckyAmmo" tags="ammo"/>
				</effect_group>
		</item_modifier>
		
		<!-- LUCKY SPELLS -->
		<item_modifier name="rune_LuckySpells" installable_tags="armor,clothing" type="mod">
			<property name="Extends" value="runeMaster"/>
				<effect_group tiered="false" name="CALC">
					<triggered_effect trigger="onSelfEquipStart" action="ModifyCVar" cvar=".runeLuckySpells" operation="set" value="@$sorceryRuneMastery_power"/>
					<triggered_effect trigger="onSelfEquipStart" action="ModifyCVar" cvar=".runeLuckySpells" operation="multiply" value="0.02"/>
					<triggered_effect trigger="onSelfEquipStart" action="ModifyCVar" cvar=".runeLuckySpellsDisplay" operation="set" value="@.runeLuckySpells"/>
					<triggered_effect trigger="onSelfEquipStart" action="ModifyCVar" cvar=".runeLuckySpellsDisplay" operation="multiply" value="100"/>
					<triggered_effect trigger="onSelfEquipStart" action="ModifyCVar" cvar=".runeLuckySpells_degrade" operation="set" value="@$runeDegradeCost"/>
					<triggered_effect trigger="onSelfEquipStart" action="ModifyCVar" cvar=".runeLuckySpells_degrade" operation="multiply" value=".1"/>
					<triggered_effect trigger="onSelfEquipStart" action="ModifyCVar" cvar=".runeLuckySpells_degradeDisplay" operation="set" value="@.runeLuckySpells_degrade"/>
					<triggered_effect trigger="onSelfEquipStart" action="ModifyCVar" cvar=".runeLuckySpells_degradeDisplay" operation="multiply" value="100"/>
					<triggered_effect trigger="onSelfEquipStart" action="ModifyCVar" cvar=".runeLuckySpells_burden" operation="set" value="@$runeBurdenCost"/>
					<triggered_effect trigger="onSelfEquipStart" action="ModifyCVar" cvar=".runeLuckySpells_burden" operation="multiply" value="2"/>
					<triggered_effect trigger="onSelfEquipStop" action="ModifyCVar" cvar=".runeLuckySpells" operation="set" value="0" />
					<triggered_effect trigger="onSelfEquipStop" action="ModifyCVar" cvar=".runeLuckySpells_degrade" operation="set" value="0" />
					<triggered_effect trigger="onSelfEquipStop" action="ModifyCVar" cvar=".runeLuckySpells_burden" operation="set" value="0" />
					<triggered_effect trigger="onSelfEquipStop" action="ModifyCVar" cvar=".runeLuckySpellsDisplay" operation="set" value="0" />
					<triggered_effect trigger="onSelfEquipStop" action="ModifyCVar" cvar=".runeLuckySpells_degradeDisplay" operation="set" value="0" />
				</effect_group>
				<effect_group tiered="false" name="RUNE">
						<requirement name="CVarCompare" cvar="$spiritAmount" operation="GTE" value="@.runeLuckySpells_burden"/>
					<triggered_effect trigger="onSelfOpenLootContainer" action="ModifyCVar" cvar=".spiritSubtract" operation="add" value="@.runeLuckySpells_burden"/>
					<passive_effect name="DegradationPerUse" operation="perc_add" value="@.runeLuckySpells_degrade"/>
					<passive_effect name="LootQuantity" operation="perc_add" value="@.runeLuckySpells" tags="spell"/>
				</effect_group>
		</item_modifier>
		
		<!-- LUCKY POTIONS -->
		<item_modifier name="rune_LuckyPotions" installable_tags="armor,clothing" type="mod">
			<property name="Extends" value="runeMaster"/>
				<effect_group tiered="false" name="CALC">
					<triggered_effect trigger="onSelfEquipStart" action="ModifyCVar" cvar=".runeLuckyPotions" operation="set" value="@$sorceryRuneMastery_power"/>
					<triggered_effect trigger="onSelfEquipStart" action="ModifyCVar" cvar=".runeLuckyPotions" operation="multiply" value="0.02"/>
					<triggered_effect trigger="onSelfEquipStart" action="ModifyCVar" cvar=".runeLuckyPotionsDisplay" operation="set" value="@.runeLuckyPotions"/>
					<triggered_effect trigger="onSelfEquipStart" action="ModifyCVar" cvar=".runeLuckyPotionsDisplay" operation="multiply" value="100"/>
					<triggered_effect trigger="onSelfEquipStart" action="ModifyCVar" cvar=".runeLuckyPotions_degrade" operation="set" value="@$runeDegradeCost"/>
					<triggered_effect trigger="onSelfEquipStart" action="ModifyCVar" cvar=".runeLuckyPotions_degrade" operation="multiply" value=".1"/>
					<triggered_effect trigger="onSelfEquipStart" action="ModifyCVar" cvar=".runeLuckyPotions_degradeDisplay" operation="set" value="@.runeLuckyPotions_degrade"/>
					<triggered_effect trigger="onSelfEquipStart" action="ModifyCVar" cvar=".runeLuckyPotions_degradeDisplay" operation="multiply" value="100"/>
					<triggered_effect trigger="onSelfEquipStart" action="ModifyCVar" cvar=".runeLuckyPotions_burden" operation="set" value="@$runeBurdenCost"/>
					<triggered_effect trigger="onSelfEquipStart" action="ModifyCVar" cvar=".runeLuckyPotions_burden" operation="multiply" value="2"/>
					<triggered_effect trigger="onSelfEquipStop" action="ModifyCVar" cvar=".runeLuckyPotions" operation="set" value="0" />
					<triggered_effect trigger="onSelfEquipStop" action="ModifyCVar" cvar=".runeLuckyPotions_degrade" operation="set" value="0" />
					<triggered_effect trigger="onSelfEquipStop" action="ModifyCVar" cvar=".runeLuckyPotions_burden" operation="set" value="0" />
					<triggered_effect trigger="onSelfEquipStop" action="ModifyCVar" cvar=".runeLuckyPotionsDisplay" operation="set" value="0" />
					<triggered_effect trigger="onSelfEquipStop" action="ModifyCVar" cvar=".runeLuckyPotions_degradeDisplay" operation="set" value="0" />
				</effect_group>
				<effect_group tiered="false" name="RUNE">
						<requirement name="CVarCompare" cvar="$spiritAmount" operation="GTE" value="@.runeLuckyPotions_burden"/>
					<triggered_effect trigger="onSelfOpenLootContainer" action="ModifyCVar" cvar=".spiritSubtract" operation="add" value="@.runeLuckyPotions_burden"/>
					<passive_effect name="DegradationPerUse" operation="perc_add" value="@.runeLuckyPotions_degrade"/>
					<passive_effect name="LootQuantity" operation="perc_add" value="@.runeLuckyPotions" tags="potion"/>
				</effect_group>
		</item_modifier>
		
		<!-- LUCKY SCROLLS -->
		<item_modifier name="rune_LuckyScrolls" installable_tags="armor,clothing" type="mod">
			<property name="Extends" value="runeMaster"/>
				<effect_group tiered="false" name="CALC">
					<triggered_effect trigger="onSelfEquipStart" action="ModifyCVar" cvar=".runeLuckyScrolls" operation="set" value="@$sorceryRuneMastery_power"/>
					<triggered_effect trigger="onSelfEquipStart" action="ModifyCVar" cvar=".runeLuckyScrolls" operation="multiply" value="0.02"/>
					<triggered_effect trigger="onSelfEquipStart" action="ModifyCVar" cvar=".runeLuckyScrollsDisplay" operation="set" value="@.runeLuckyScrolls"/>
					<triggered_effect trigger="onSelfEquipStart" action="ModifyCVar" cvar=".runeLuckyScrollsDisplay" operation="multiply" value="100"/>
					<triggered_effect trigger="onSelfEquipStart" action="ModifyCVar" cvar=".runeLuckyScrolls_degrade" operation="set" value="@$runeDegradeCost"/>
					<triggered_effect trigger="onSelfEquipStart" action="ModifyCVar" cvar=".runeLuckyScrolls_degrade" operation="multiply" value=".1"/>
					<triggered_effect trigger="onSelfEquipStart" action="ModifyCVar" cvar=".runeLuckyScrolls_degradeDisplay" operation="set" value="@.runeLuckyScrolls_degrade"/>
					<triggered_effect trigger="onSelfEquipStart" action="ModifyCVar" cvar=".runeLuckyScrolls_degradeDisplay" operation="multiply" value="100"/>
					<triggered_effect trigger="onSelfEquipStart" action="ModifyCVar" cvar=".runeLuckyScrolls_burden" operation="set" value="@$runeBurdenCost"/>
					<triggered_effect trigger="onSelfEquipStart" action="ModifyCVar" cvar=".runeLuckyScrolls_burden" operation="multiply" value="2"/>
					<triggered_effect trigger="onSelfEquipStop" action="ModifyCVar" cvar=".runeLuckyScrolls" operation="set" value="0" />
					<triggered_effect trigger="onSelfEquipStop" action="ModifyCVar" cvar=".runeLuckyScrolls_degrade" operation="set" value="0" />
					<triggered_effect trigger="onSelfEquipStop" action="ModifyCVar" cvar=".runeLuckyScrolls_burden" operation="set" value="0" />
					<triggered_effect trigger="onSelfEquipStop" action="ModifyCVar" cvar=".runeLuckyScrollsDisplay" operation="set" value="0" />
					<triggered_effect trigger="onSelfEquipStop" action="ModifyCVar" cvar=".runeLuckyScrolls_degradeDisplay" operation="set" value="0" />
				</effect_group>
				<effect_group tiered="false" name="RUNE">
						<requirement name="CVarCompare" cvar="$spiritAmount" operation="GTE" value="@.runeLuckyScrolls_burden"/>
					<triggered_effect trigger="onSelfOpenLootContainer" action="ModifyCVar" cvar=".spiritSubtract" operation="add" value="@.runeLuckyScrolls_burden"/>
					<passive_effect name="DegradationPerUse" operation="perc_add" value="@.runeLuckyScrolls_degrade"/>
					<passive_effect name="LootQuantity" operation="perc_add" value="@.runeLuckyScrolls" tags="scroll"/>
				</effect_group>
		</item_modifier>
	<!-- END - ARCANE RUNES __________________________________________________________________________________ -->
		
	<!-- FIRE RUNES __________________________________________________________________________________ -->
		<!-- LUCKY FIRE ESSENCE -->
		<item_modifier name="runeFire_LuckyEssence" installable_tags="armor,clothing,tool" type="mod">
			<property name="Extends" value="runeMaster"/>
				<effect_group tiered="false" name="CALC">
					<triggered_effect trigger="onSelfEquipStart" action="ModifyCVar" cvar=".runeFireLuckyEssence" operation="set" value="@$sorceryRuneMastery_power"/>
					<triggered_effect trigger="onSelfEquipStart" action="ModifyCVar" cvar=".runeFireLuckyEssence" operation="multiply" value="0.1"/>
					<triggered_effect trigger="onSelfEquipStart" action="ModifyCVar" cvar=".runeFireLuckyEssenceDisplay" operation="set" value="@.runeFireLuckyEssence"/>
					<triggered_effect trigger="onSelfEquipStart" action="ModifyCVar" cvar=".runeFireLuckyEssenceDisplay" operation="multiply" value="100"/>
					<triggered_effect trigger="onSelfEquipStart" action="ModifyCVar" cvar=".runeFireLuckyEssence_degrade" operation="set" value="@$runeDegradeCost"/>
					<triggered_effect trigger="onSelfEquipStart" action="ModifyCVar" cvar=".runeFireLuckyEssence_degrade" operation="multiply" value=".1"/>
					<triggered_effect trigger="onSelfEquipStart" action="ModifyCVar" cvar=".runeFireLuckyEssence_degradeDisplay" operation="set" value="@.runeFireLuckyEssence_degrade"/>
					<triggered_effect trigger="onSelfEquipStart" action="ModifyCVar" cvar=".runeFireLuckyEssence_degradeDisplay" operation="multiply" value="100"/>
					<triggered_effect trigger="onSelfEquipStart" action="ModifyCVar" cvar=".runeFireLuckyEssence_burden" operation="set" value="@$runeBurdenCost"/>
					<triggered_effect trigger="onSelfEquipStart" action="ModifyCVar" cvar=".runeFireLuckyEssence_burden" operation="multiply" value="1"/>
					<triggered_effect trigger="onSelfEquipStop" action="ModifyCVar" cvar=".runeFireLuckyEssence" operation="set" value="0" />
					<triggered_effect trigger="onSelfEquipStop" action="ModifyCVar" cvar=".runeFireLuckyEssence_degrade" operation="set" value="0" />
					<triggered_effect trigger="onSelfEquipStop" action="ModifyCVar" cvar=".runeFireLuckyEssence_burden" operation="set" value="0" />
					<triggered_effect trigger="onSelfEquipStop" action="ModifyCVar" cvar=".runeFireLuckyEssenceDisplay" operation="set" value="0" />
					<triggered_effect trigger="onSelfEquipStop" action="ModifyCVar" cvar=".runeFireLuckyEssence_degradeDisplay" operation="set" value="0" />
				</effect_group>
				<effect_group tiered="false" name="RUNE">
						<requirement name="TriggerHasTags" tags="hasFireEssence"/>
						<requirement name="CVarCompare" cvar="$spiritAmount" operation="GTE" value="@.runeFireLuckyEssence_burden"/>
					<triggered_effect trigger="onSelfDamagedBlock" action="ModifyCVar" cvar=".spiritSubtract" operation="add" value="@.runeFireLuckyEssence_burden"/>
					<triggered_effect trigger="onSelfDestroyedBlock" action="ModifyCVar" cvar=".spiritSubtract" operation="add" value="@.runeFireLuckyEssence_burden"/>
					<passive_effect name="DegradationPerUse" operation="perc_add" value="@.runeFireLuckyEssence_degrade"/>
					<passive_effect name="HarvestCount" operation="perc_add" value="@.runeFireLuckyEssence" tags="essenceFireHarvest"/>
				</effect_group>
		</item_modifier>
	<!-- END - FIRE RUNES __________________________________________________________________________________ -->
	
	<!-- SUPPORTER RUNES __________________________________________________________________________________ -->
		<!-- ARCANE SUPPORTER RUNES -->
		<!-- SUPPORTER RUNE: Astryael’s Eternal Youth -->
		<item_modifier name="rune_SupporterAstryael" modifier_tags="rune_SupporterAstryael" installable_tags="armor,clothing" type="mod">
			<property name="Extends" value="runeMaster"/>
				<effect_group tiered="false" name="CALC">
					<triggered_effect trigger="onSelfEquipStart" action="ModifyCVar" cvar=".runeSupporterAstryael" operation="set" value="@$sorceryRuneMastery_power"/>
					<triggered_effect trigger="onSelfEquipStart" action="ModifyCVar" cvar=".runeSupporterAstryael" operation="multiply" value=".5"/>
					<triggered_effect trigger="onSelfEquipStart" action="ModifyCVar" cvar=".runeSupporterAstryael_c1" operation="set" value="@$sorceryRuneMastery_power"/>
					<triggered_effect trigger="onSelfEquipStart" action="ModifyCVar" cvar=".runeSupporterAstryael_c1" operation="multiply" value="0.5"/>
					<triggered_effect trigger="onSelfEquipStart" action="ModifyCVar" cvar=".runeSupporterAstryael_degrade" operation="set" value="@$runeDegradeCost"/>
					<triggered_effect trigger="onSelfEquipStart" action="ModifyCVar" cvar=".runeSupporterAstryael_degrade" operation="multiply" value=".2"/>
					<triggered_effect trigger="onSelfEquipStart" action="ModifyCVar" cvar=".runeSupporterAstryael_burden" operation="set" value="@$runeBurdenCost"/>
					<triggered_effect trigger="onSelfEquipStart" action="ModifyCVar" cvar=".runeSupporterAstryael_burden" operation="multiply" value="1"/>
					<!-- display -->
					<triggered_effect trigger="onSelfEquipStart" action="ModifyCVar" cvar=".runeSupporterAstryael_c1Display" operation="set" value="@.runeSupporterAstryael_c1"/>
					<triggered_effect trigger="onSelfEquipStart" action="ModifyCVar" cvar=".runeSupporterAstryael_c1Display" operation="multiply" value="100"/>
					<triggered_effect trigger="onSelfEquipStart" action="ModifyCVar" cvar=".runeSupporterAstryael_degradeDisplay" operation="set" value="@.runeSupporterAstryael_degrade"/>
					<triggered_effect trigger="onSelfEquipStart" action="ModifyCVar" cvar=".runeSupporterAstryael_degradeDisplay" operation="multiply" value="100"/>
					<!-- cleanup -->
					<triggered_effect trigger="onSelfEquipStop" action="RemoveBuff" buff="buffRune_SupporterAstyael"/>
					<!-- Remedy Chance -->
					<triggered_effect trigger="onSelfEquipStart" action="AddBuff" buff="buffRune_SupporterAstyael"/>
				</effect_group>
				<effect_group tiered="false" name="RUNE">
						<!-- <requirement name="StatComparePercCurrentToMax" stat="health" operation="LT" value="@.runeSupporterAstryael_c1"/> -->
						<requirement name="StatComparePercCurrentToModMax" stat="health" operation="LT" value="@.runeSupporterAstryael_c1"/>
						<requirement name="CVarCompare" cvar="$spiritAmount" operation="GTE" value="@.runeSupporterAstryael_burden"/>
					<passive_effect name="DegradationPerUse" operation="perc_add" value="@.runeSupporterAstryael_degrade"/>
					<triggered_effect trigger="onOtherDamagedSelf" action="ModifyCVar" cvar=".spiritSubtract" operation="add" value="@.runeSupporterAstryael_burden"/>
					<triggered_effect trigger="onOtherDamagedSelf" action="ModifyStats" stat="Health" operation="add" value="@.runeSupporterAstryael"/>
				</effect_group>
		</item_modifier>
	<!-- END - SUPPORTER RUNES __________________________________________________________________________________ -->
		
		
		
	</append>
</Sorcery>